"Name","Label","Type","Value","Value label"
"firstname","Förnamn","string",""
"lastname","Efternamn","string",""
"email","E-postadress","string",""
"emailstatus","E-poststatus","string",""
"language","Språkkod","string",""
"sent","Datum inbjudan skickades","string",""
"remindersent","Senaste datum för påminnelse","string",""
"remindercount","Antal skickade påminnelser","string",""
"usesleft","Användningar kvar","string",""
"id","id","integer",""
"submitdate","submitdate","date",""
"lastpage","lastpage","integer",""
"startlanguage","startlanguage","string",""
"seed","seed","string",""
"token","token","string",""
"startdate","startdate","date",""
"datestamp","datestamp","date",""
"q1","Vilket parti röstade du på i årets Europaparlamentsval?","integer","1","Vänsterpartiet (V)"
"q1","Vilket parti röstade du på i årets Europaparlamentsval?","integer","2","Socialdemokraterna (S)"
"q1","Vilket parti röstade du på i årets Europaparlamentsval?","integer","3","Centerpartiet (C)"
"q1","Vilket parti röstade du på i årets Europaparlamentsval?","integer","4","Liberalerna (L)"
"q1","Vilket parti röstade du på i årets Europaparlamentsval?","integer","5","Moderaterna (M)"
"q1","Vilket parti röstade du på i årets Europaparlamentsval?","integer","6","Kristdemokratema (KD)"
"q1","Vilket parti röstade du på i årets Europaparlamentsval?","integer","7","Miljöpartiet (MP)"
"q1","Vilket parti röstade du på i årets Europaparlamentsval?","integer","8","Sverigedemokratema (SD)"
"q1","Vilket parti röstade du på i årets Europaparlamentsval?","integer","9","Röstade inte"
"q1","Vilket parti röstade du på i årets Europaparlamentsval?","integer","10","Röstade blankt"
"q1","Vilket parti röstade du på i årets Europaparlamentsval?","integer","11","Kommer inte ihåg"
"q1","Vilket parti röstade du på i årets Europaparlamentsval?","integer","888","Vill inte svara"
"q1","Vilket parti röstade du på i årets Europaparlamentsval?","integer","889","Annat"
"q1_other_text","[Annat] Vilket parti röstade du på i årets Europaparlamentsval?","string",""
"q1b_1","[EU:s stöd till Ukraina] Vilken betydelse hade följande frågor för ditt val av parti i Europaparlamentsvalet?","integer","1","Mycket liten betydelse"
"q1b_1","[EU:s stöd till Ukraina] Vilken betydelse hade följande frågor för ditt val av parti i Europaparlamentsvalet?","integer","2","Ganska liten betydelse"
"q1b_1","[EU:s stöd till Ukraina] Vilken betydelse hade följande frågor för ditt val av parti i Europaparlamentsvalet?","integer","3","Varken stor eller liten betydelse"
"q1b_1","[EU:s stöd till Ukraina] Vilken betydelse hade följande frågor för ditt val av parti i Europaparlamentsvalet?","integer","4","Ganska stor betydelse"
"q1b_1","[EU:s stöd till Ukraina] Vilken betydelse hade följande frågor för ditt val av parti i Europaparlamentsvalet?","integer","5","Mycket stor betydelse"
"q1b_2","[Miljön] Vilken betydelse hade följande frågor för ditt val av parti i Europaparlamentsvalet?","integer","1","Mycket liten betydelse"
"q1b_2","[Miljön] Vilken betydelse hade följande frågor för ditt val av parti i Europaparlamentsvalet?","integer","2","Ganska liten betydelse"
"q1b_2","[Miljön] Vilken betydelse hade följande frågor för ditt val av parti i Europaparlamentsvalet?","integer","3","Varken stor eller liten betydelse"
"q1b_2","[Miljön] Vilken betydelse hade följande frågor för ditt val av parti i Europaparlamentsvalet?","integer","4","Ganska stor betydelse"
"q1b_2","[Miljön] Vilken betydelse hade följande frågor för ditt val av parti i Europaparlamentsvalet?","integer","5","Mycket stor betydelse"
"q1b_3","[Klimatet] Vilken betydelse hade följande frågor för ditt val av parti i Europaparlamentsvalet?","integer","1","Mycket liten betydelse"
"q1b_3","[Klimatet] Vilken betydelse hade följande frågor för ditt val av parti i Europaparlamentsvalet?","integer","2","Ganska liten betydelse"
"q1b_3","[Klimatet] Vilken betydelse hade följande frågor för ditt val av parti i Europaparlamentsvalet?","integer","3","Varken stor eller liten betydelse"
"q1b_3","[Klimatet] Vilken betydelse hade följande frågor för ditt val av parti i Europaparlamentsvalet?","integer","4","Ganska stor betydelse"
"q1b_3","[Klimatet] Vilken betydelse hade följande frågor för ditt val av parti i Europaparlamentsvalet?","integer","5","Mycket stor betydelse"
"q1b_4","[Ekonomin] Vilken betydelse hade följande frågor för ditt val av parti i Europaparlamentsvalet?","integer","1","Mycket liten betydelse"
"q1b_4","[Ekonomin] Vilken betydelse hade följande frågor för ditt val av parti i Europaparlamentsvalet?","integer","2","Ganska liten betydelse"
"q1b_4","[Ekonomin] Vilken betydelse hade följande frågor för ditt val av parti i Europaparlamentsvalet?","integer","3","Varken stor eller liten betydelse"
"q1b_4","[Ekonomin] Vilken betydelse hade följande frågor för ditt val av parti i Europaparlamentsvalet?","integer","4","Ganska stor betydelse"
"q1b_4","[Ekonomin] Vilken betydelse hade följande frågor för ditt val av parti i Europaparlamentsvalet?","integer","5","Mycket stor betydelse"
"q1b_5","[Sysselsättningen] Vilken betydelse hade följande frågor för ditt val av parti i Europaparlamentsvalet?","integer","1","Mycket liten betydelse"
"q1b_5","[Sysselsättningen] Vilken betydelse hade följande frågor för ditt val av parti i Europaparlamentsvalet?","integer","2","Ganska liten betydelse"
"q1b_5","[Sysselsättningen] Vilken betydelse hade följande frågor för ditt val av parti i Europaparlamentsvalet?","integer","3","Varken stor eller liten betydelse"
"q1b_5","[Sysselsättningen] Vilken betydelse hade följande frågor för ditt val av parti i Europaparlamentsvalet?","integer","4","Ganska stor betydelse"
"q1b_5","[Sysselsättningen] Vilken betydelse hade följande frågor för ditt val av parti i Europaparlamentsvalet?","integer","5","Mycket stor betydelse"
"q1b_6","[Frågan om jordbruksstödet i EU] Vilken betydelse hade följande frågor för ditt val av parti i Europaparlamentsvalet?","integer","1","Mycket liten betydelse"
"q1b_6","[Frågan om jordbruksstödet i EU] Vilken betydelse hade följande frågor för ditt val av parti i Europaparlamentsvalet?","integer","2","Ganska liten betydelse"
"q1b_6","[Frågan om jordbruksstödet i EU] Vilken betydelse hade följande frågor för ditt val av parti i Europaparlamentsvalet?","integer","3","Varken stor eller liten betydelse"
"q1b_6","[Frågan om jordbruksstödet i EU] Vilken betydelse hade följande frågor för ditt val av parti i Europaparlamentsvalet?","integer","4","Ganska stor betydelse"
"q1b_6","[Frågan om jordbruksstödet i EU] Vilken betydelse hade följande frågor för ditt val av parti i Europaparlamentsvalet?","integer","5","Mycket stor betydelse"
"q1b_7","[Freden i Europa] Vilken betydelse hade följande frågor för ditt val av parti i Europaparlamentsvalet?","integer","1","Mycket liten betydelse"
"q1b_7","[Freden i Europa] Vilken betydelse hade följande frågor för ditt val av parti i Europaparlamentsvalet?","integer","2","Ganska liten betydelse"
"q1b_7","[Freden i Europa] Vilken betydelse hade följande frågor för ditt val av parti i Europaparlamentsvalet?","integer","3","Varken stor eller liten betydelse"
"q1b_7","[Freden i Europa] Vilken betydelse hade följande frågor för ditt val av parti i Europaparlamentsvalet?","integer","4","Ganska stor betydelse"
"q1b_7","[Freden i Europa] Vilken betydelse hade följande frågor för ditt val av parti i Europaparlamentsvalet?","integer","5","Mycket stor betydelse"
"q1b_8","[Den nationella självständigheten] Vilken betydelse hade följande frågor för ditt val av parti i Europaparlamentsvalet?","integer","1","Mycket liten betydelse"
"q1b_8","[Den nationella självständigheten] Vilken betydelse hade följande frågor för ditt val av parti i Europaparlamentsvalet?","integer","2","Ganska liten betydelse"
"q1b_8","[Den nationella självständigheten] Vilken betydelse hade följande frågor för ditt val av parti i Europaparlamentsvalet?","integer","3","Varken stor eller liten betydelse"
"q1b_8","[Den nationella självständigheten] Vilken betydelse hade följande frågor för ditt val av parti i Europaparlamentsvalet?","integer","4","Ganska stor betydelse"
"q1b_8","[Den nationella självständigheten] Vilken betydelse hade följande frågor för ditt val av parti i Europaparlamentsvalet?","integer","5","Mycket stor betydelse"
"q1b_9","[Om Sverige ska införa euron som valuta] Vilken betydelse hade följande frågor för ditt val av parti i Europaparlamentsvalet?","integer","1","Mycket liten betydelse"
"q1b_9","[Om Sverige ska införa euron som valuta] Vilken betydelse hade följande frågor för ditt val av parti i Europaparlamentsvalet?","integer","2","Ganska liten betydelse"
"q1b_9","[Om Sverige ska införa euron som valuta] Vilken betydelse hade följande frågor för ditt val av parti i Europaparlamentsvalet?","integer","3","Varken stor eller liten betydelse"
"q1b_9","[Om Sverige ska införa euron som valuta] Vilken betydelse hade följande frågor för ditt val av parti i Europaparlamentsvalet?","integer","4","Ganska stor betydelse"
"q1b_9","[Om Sverige ska införa euron som valuta] Vilken betydelse hade följande frågor för ditt val av parti i Europaparlamentsvalet?","integer","5","Mycket stor betydelse"
"q1b_10","[Flyktingar/invandring] Vilken betydelse hade följande frågor för ditt val av parti i Europaparlamentsvalet?","integer","1","Mycket liten betydelse"
"q1b_10","[Flyktingar/invandring] Vilken betydelse hade följande frågor för ditt val av parti i Europaparlamentsvalet?","integer","2","Ganska liten betydelse"
"q1b_10","[Flyktingar/invandring] Vilken betydelse hade följande frågor för ditt val av parti i Europaparlamentsvalet?","integer","3","Varken stor eller liten betydelse"
"q1b_10","[Flyktingar/invandring] Vilken betydelse hade följande frågor för ditt val av parti i Europaparlamentsvalet?","integer","4","Ganska stor betydelse"
"q1b_10","[Flyktingar/invandring] Vilken betydelse hade följande frågor för ditt val av parti i Europaparlamentsvalet?","integer","5","Mycket stor betydelse"
"q1b_11","[Företagens villkor] Vilken betydelse hade följande frågor för ditt val av parti i Europaparlamentsvalet?","integer","1","Mycket liten betydelse"
"q1b_11","[Företagens villkor] Vilken betydelse hade följande frågor för ditt val av parti i Europaparlamentsvalet?","integer","2","Ganska liten betydelse"
"q1b_11","[Företagens villkor] Vilken betydelse hade följande frågor för ditt val av parti i Europaparlamentsvalet?","integer","3","Varken stor eller liten betydelse"
"q1b_11","[Företagens villkor] Vilken betydelse hade följande frågor för ditt val av parti i Europaparlamentsvalet?","integer","4","Ganska stor betydelse"
"q1b_11","[Företagens villkor] Vilken betydelse hade följande frågor för ditt val av parti i Europaparlamentsvalet?","integer","5","Mycket stor betydelse"
"q1b_12","[Jämställdheten mellan kvinnor och män] Vilken betydelse hade följande frågor för ditt val av parti i Europaparlamentsvalet?","integer","1","Mycket liten betydelse"
"q1b_12","[Jämställdheten mellan kvinnor och män] Vilken betydelse hade följande frågor för ditt val av parti i Europaparlamentsvalet?","integer","2","Ganska liten betydelse"
"q1b_12","[Jämställdheten mellan kvinnor och män] Vilken betydelse hade följande frågor för ditt val av parti i Europaparlamentsvalet?","integer","3","Varken stor eller liten betydelse"
"q1b_12","[Jämställdheten mellan kvinnor och män] Vilken betydelse hade följande frågor för ditt val av parti i Europaparlamentsvalet?","integer","4","Ganska stor betydelse"
"q1b_12","[Jämställdheten mellan kvinnor och män] Vilken betydelse hade följande frågor för ditt val av parti i Europaparlamentsvalet?","integer","5","Mycket stor betydelse"
"q1b_13","[Försvarsfrågan i EU] Vilken betydelse hade följande frågor för ditt val av parti i Europaparlamentsvalet?","integer","1","Mycket liten betydelse"
"q1b_13","[Försvarsfrågan i EU] Vilken betydelse hade följande frågor för ditt val av parti i Europaparlamentsvalet?","integer","2","Ganska liten betydelse"
"q1b_13","[Försvarsfrågan i EU] Vilken betydelse hade följande frågor för ditt val av parti i Europaparlamentsvalet?","integer","3","Varken stor eller liten betydelse"
"q1b_13","[Försvarsfrågan i EU] Vilken betydelse hade följande frågor för ditt val av parti i Europaparlamentsvalet?","integer","4","Ganska stor betydelse"
"q1b_13","[Försvarsfrågan i EU] Vilken betydelse hade följande frågor för ditt val av parti i Europaparlamentsvalet?","integer","5","Mycket stor betydelse"
"q1b_14","[Demokratin i EU] Vilken betydelse hade följande frågor för ditt val av parti i Europaparlamentsvalet?","integer","1","Mycket liten betydelse"
"q1b_14","[Demokratin i EU] Vilken betydelse hade följande frågor för ditt val av parti i Europaparlamentsvalet?","integer","2","Ganska liten betydelse"
"q1b_14","[Demokratin i EU] Vilken betydelse hade följande frågor för ditt val av parti i Europaparlamentsvalet?","integer","3","Varken stor eller liten betydelse"
"q1b_14","[Demokratin i EU] Vilken betydelse hade följande frågor för ditt val av parti i Europaparlamentsvalet?","integer","4","Ganska stor betydelse"
"q1b_14","[Demokratin i EU] Vilken betydelse hade följande frågor för ditt val av parti i Europaparlamentsvalet?","integer","5","Mycket stor betydelse"
"q1b_15","[Sociala välfärden] Vilken betydelse hade följande frågor för ditt val av parti i Europaparlamentsvalet?","integer","1","Mycket liten betydelse"
"q1b_15","[Sociala välfärden] Vilken betydelse hade följande frågor för ditt val av parti i Europaparlamentsvalet?","integer","2","Ganska liten betydelse"
"q1b_15","[Sociala välfärden] Vilken betydelse hade följande frågor för ditt val av parti i Europaparlamentsvalet?","integer","3","Varken stor eller liten betydelse"
"q1b_15","[Sociala välfärden] Vilken betydelse hade följande frågor för ditt val av parti i Europaparlamentsvalet?","integer","4","Ganska stor betydelse"
"q1b_15","[Sociala välfärden] Vilken betydelse hade följande frågor för ditt val av parti i Europaparlamentsvalet?","integer","5","Mycket stor betydelse"
"q1b_16","[Drogpolitiken (alkohol, narkotika etc)] Vilken betydelse hade följande frågor för ditt val av parti i Europaparlamentsvalet?","integer","1","Mycket liten betydelse"
"q1b_16","[Drogpolitiken (alkohol, narkotika etc)] Vilken betydelse hade följande frågor för ditt val av parti i Europaparlamentsvalet?","integer","2","Ganska liten betydelse"
"q1b_16","[Drogpolitiken (alkohol, narkotika etc)] Vilken betydelse hade följande frågor för ditt val av parti i Europaparlamentsvalet?","integer","3","Varken stor eller liten betydelse"
"q1b_16","[Drogpolitiken (alkohol, narkotika etc)] Vilken betydelse hade följande frågor för ditt val av parti i Europaparlamentsvalet?","integer","4","Ganska stor betydelse"
"q1b_16","[Drogpolitiken (alkohol, narkotika etc)] Vilken betydelse hade följande frågor för ditt val av parti i Europaparlamentsvalet?","integer","5","Mycket stor betydelse"
"q1b_17","[Brottsbekämpning] Vilken betydelse hade följande frågor för ditt val av parti i Europaparlamentsvalet?","integer","1","Mycket liten betydelse"
"q1b_17","[Brottsbekämpning] Vilken betydelse hade följande frågor för ditt val av parti i Europaparlamentsvalet?","integer","2","Ganska liten betydelse"
"q1b_17","[Brottsbekämpning] Vilken betydelse hade följande frågor för ditt val av parti i Europaparlamentsvalet?","integer","3","Varken stor eller liten betydelse"
"q1b_17","[Brottsbekämpning] Vilken betydelse hade följande frågor för ditt val av parti i Europaparlamentsvalet?","integer","4","Ganska stor betydelse"
"q1b_17","[Brottsbekämpning] Vilken betydelse hade följande frågor för ditt val av parti i Europaparlamentsvalet?","integer","5","Mycket stor betydelse"
"q1b_18","[Energi och kärnkraft] Vilken betydelse hade följande frågor för ditt val av parti i Europaparlamentsvalet?","integer","1","Mycket liten betydelse"
"q1b_18","[Energi och kärnkraft] Vilken betydelse hade följande frågor för ditt val av parti i Europaparlamentsvalet?","integer","2","Ganska liten betydelse"
"q1b_18","[Energi och kärnkraft] Vilken betydelse hade följande frågor för ditt val av parti i Europaparlamentsvalet?","integer","3","Varken stor eller liten betydelse"
"q1b_18","[Energi och kärnkraft] Vilken betydelse hade följande frågor för ditt val av parti i Europaparlamentsvalet?","integer","4","Ganska stor betydelse"
"q1b_18","[Energi och kärnkraft] Vilken betydelse hade följande frågor för ditt val av parti i Europaparlamentsvalet?","integer","5","Mycket stor betydelse"
"q1b_19","[EU:s utrikespolitik] Vilken betydelse hade följande frågor för ditt val av parti i Europaparlamentsvalet?","integer","1","Mycket liten betydelse"
"q1b_19","[EU:s utrikespolitik] Vilken betydelse hade följande frågor för ditt val av parti i Europaparlamentsvalet?","integer","2","Ganska liten betydelse"
"q1b_19","[EU:s utrikespolitik] Vilken betydelse hade följande frågor för ditt val av parti i Europaparlamentsvalet?","integer","3","Varken stor eller liten betydelse"
"q1b_19","[EU:s utrikespolitik] Vilken betydelse hade följande frågor för ditt val av parti i Europaparlamentsvalet?","integer","4","Ganska stor betydelse"
"q1b_19","[EU:s utrikespolitik] Vilken betydelse hade följande frågor för ditt val av parti i Europaparlamentsvalet?","integer","5","Mycket stor betydelse"
"q1b_20","[Matkvaliteten] Vilken betydelse hade följande frågor för ditt val av parti i Europaparlamentsvalet?","integer","1","Mycket liten betydelse"
"q1b_20","[Matkvaliteten] Vilken betydelse hade följande frågor för ditt val av parti i Europaparlamentsvalet?","integer","2","Ganska liten betydelse"
"q1b_20","[Matkvaliteten] Vilken betydelse hade följande frågor för ditt val av parti i Europaparlamentsvalet?","integer","3","Varken stor eller liten betydelse"
"q1b_20","[Matkvaliteten] Vilken betydelse hade följande frågor för ditt val av parti i Europaparlamentsvalet?","integer","4","Ganska stor betydelse"
"q1b_20","[Matkvaliteten] Vilken betydelse hade följande frågor för ditt val av parti i Europaparlamentsvalet?","integer","5","Mycket stor betydelse"
"q1b_21","[Frågan om upphovsrätt på nätet] Vilken betydelse hade följande frågor för ditt val av parti i Europaparlamentsvalet?","integer","1","Mycket liten betydelse"
"q1b_21","[Frågan om upphovsrätt på nätet] Vilken betydelse hade följande frågor för ditt val av parti i Europaparlamentsvalet?","integer","2","Ganska liten betydelse"
"q1b_21","[Frågan om upphovsrätt på nätet] Vilken betydelse hade följande frågor för ditt val av parti i Europaparlamentsvalet?","integer","3","Varken stor eller liten betydelse"
"q1b_21","[Frågan om upphovsrätt på nätet] Vilken betydelse hade följande frågor för ditt val av parti i Europaparlamentsvalet?","integer","4","Ganska stor betydelse"
"q1b_21","[Frågan om upphovsrätt på nätet] Vilken betydelse hade följande frågor för ditt val av parti i Europaparlamentsvalet?","integer","5","Mycket stor betydelse"
"q1b_22","[Rörligheten på arbetsmarknaden i EU] Vilken betydelse hade följande frågor för ditt val av parti i Europaparlamentsvalet?","integer","1","Mycket liten betydelse"
"q1b_22","[Rörligheten på arbetsmarknaden i EU] Vilken betydelse hade följande frågor för ditt val av parti i Europaparlamentsvalet?","integer","2","Ganska liten betydelse"
"q1b_22","[Rörligheten på arbetsmarknaden i EU] Vilken betydelse hade följande frågor för ditt val av parti i Europaparlamentsvalet?","integer","3","Varken stor eller liten betydelse"
"q1b_22","[Rörligheten på arbetsmarknaden i EU] Vilken betydelse hade följande frågor för ditt val av parti i Europaparlamentsvalet?","integer","4","Ganska stor betydelse"
"q1b_22","[Rörligheten på arbetsmarknaden i EU] Vilken betydelse hade följande frågor för ditt val av parti i Europaparlamentsvalet?","integer","5","Mycket stor betydelse"
"q1c","Vilket parti skulle du ha röstat på om du hade röstat i årets Europaparlamentsval?","integer","1","Vänsterpartiet (V)"
"q1c","Vilket parti skulle du ha röstat på om du hade röstat i årets Europaparlamentsval?","integer","2","Socialdemokraterna (s)"
"q1c","Vilket parti skulle du ha röstat på om du hade röstat i årets Europaparlamentsval?","integer","3","Centerpartiet (C)"
"q1c","Vilket parti skulle du ha röstat på om du hade röstat i årets Europaparlamentsval?","integer","4","Liberalerna (L)"
"q1c","Vilket parti skulle du ha röstat på om du hade röstat i årets Europaparlamentsval?","integer","5","Moderaterna (M)"
"q1c","Vilket parti skulle du ha röstat på om du hade röstat i årets Europaparlamentsval?","integer","6","Kristdemokratema (KD)"
"q1c","Vilket parti skulle du ha röstat på om du hade röstat i årets Europaparlamentsval?","integer","7","Miljöpartiet (MP)"
"q1c","Vilket parti skulle du ha röstat på om du hade röstat i årets Europaparlamentsval?","integer","8","Sverigedemokratema (SD)"
"q1c","Vilket parti skulle du ha röstat på om du hade röstat i årets Europaparlamentsval?","integer","9","Blankt"
"q1c","Vilket parti skulle du ha röstat på om du hade röstat i årets Europaparlamentsval?","integer","10","Vet inte"
"q1c","Vilket parti skulle du ha röstat på om du hade röstat i årets Europaparlamentsval?","integer","888","Vill inte svara"
"q1c","Vilket parti skulle du ha röstat på om du hade röstat i årets Europaparlamentsval?","integer","889","Annat"
"q1c_other_text","[Annat] Vilket parti skulle du ha röstat på om du hade röstat i årets Europaparlamentsval?","string",""
"q2_1","Man brukar ju ibland tänka sig att partierna ordnas från vänster till höger efter politisk ställning. Om du använder nedanstående skala, var någonstans på skalan skulle du vilja placera dig själv?","integer","0","Långt till vänster0"
"q2_1","Man brukar ju ibland tänka sig att partierna ordnas från vänster till höger efter politisk ställning. Om du använder nedanstående skala, var någonstans på skalan skulle du vilja placera dig själv?","integer","1","1"
"q2_1","Man brukar ju ibland tänka sig att partierna ordnas från vänster till höger efter politisk ställning. Om du använder nedanstående skala, var någonstans på skalan skulle du vilja placera dig själv?","integer","2","2"
"q2_1","Man brukar ju ibland tänka sig att partierna ordnas från vänster till höger efter politisk ställning. Om du använder nedanstående skala, var någonstans på skalan skulle du vilja placera dig själv?","integer","3","3"
"q2_1","Man brukar ju ibland tänka sig att partierna ordnas från vänster till höger efter politisk ställning. Om du använder nedanstående skala, var någonstans på skalan skulle du vilja placera dig själv?","integer","4","4"
"q2_1","Man brukar ju ibland tänka sig att partierna ordnas från vänster till höger efter politisk ställning. Om du använder nedanstående skala, var någonstans på skalan skulle du vilja placera dig själv?","integer","5","Varken vänster eller höger5"
"q2_1","Man brukar ju ibland tänka sig att partierna ordnas från vänster till höger efter politisk ställning. Om du använder nedanstående skala, var någonstans på skalan skulle du vilja placera dig själv?","integer","6","6"
"q2_1","Man brukar ju ibland tänka sig att partierna ordnas från vänster till höger efter politisk ställning. Om du använder nedanstående skala, var någonstans på skalan skulle du vilja placera dig själv?","integer","7","7"
"q2_1","Man brukar ju ibland tänka sig att partierna ordnas från vänster till höger efter politisk ställning. Om du använder nedanstående skala, var någonstans på skalan skulle du vilja placera dig själv?","integer","8","8"
"q2_1","Man brukar ju ibland tänka sig att partierna ordnas från vänster till höger efter politisk ställning. Om du använder nedanstående skala, var någonstans på skalan skulle du vilja placera dig själv?","integer","9","9"
"q2_1","Man brukar ju ibland tänka sig att partierna ordnas från vänster till höger efter politisk ställning. Om du använder nedanstående skala, var någonstans på skalan skulle du vilja placera dig själv?","integer","10","Långt till höger10"
"q3_1","[Vänsterpartiet (V)] På den här skalan vill vi att du placerar de olika partierna efter hur du uppfattar deras inställning till hur många flyktingar Sverige bör ta emot.","integer","1","Vi bör vara restriktiva när det gäller hur många flyktingar vi tar emot i Sverige1"
"q3_1","[Vänsterpartiet (V)] På den här skalan vill vi att du placerar de olika partierna efter hur du uppfattar deras inställning till hur många flyktingar Sverige bör ta emot.","integer","2","2"
"q3_1","[Vänsterpartiet (V)] På den här skalan vill vi att du placerar de olika partierna efter hur du uppfattar deras inställning till hur många flyktingar Sverige bör ta emot.","integer","3","3"
"q3_1","[Vänsterpartiet (V)] På den här skalan vill vi att du placerar de olika partierna efter hur du uppfattar deras inställning till hur många flyktingar Sverige bör ta emot.","integer","4","4"
"q3_1","[Vänsterpartiet (V)] På den här skalan vill vi att du placerar de olika partierna efter hur du uppfattar deras inställning till hur många flyktingar Sverige bör ta emot.","integer","5","5"
"q3_1","[Vänsterpartiet (V)] På den här skalan vill vi att du placerar de olika partierna efter hur du uppfattar deras inställning till hur många flyktingar Sverige bör ta emot.","integer","6","6"
"q3_1","[Vänsterpartiet (V)] På den här skalan vill vi att du placerar de olika partierna efter hur du uppfattar deras inställning till hur många flyktingar Sverige bör ta emot.","integer","7","Vi bör vara generösa när det gäller hur många flyktingar vi tar emot i Sverige7"
"q3_2","[Socialdemokraterna (S)] På den här skalan vill vi att du placerar de olika partierna efter hur du uppfattar deras inställning till hur många flyktingar Sverige bör ta emot.","integer","1","Vi bör vara restriktiva när det gäller hur många flyktingar vi tar emot i Sverige1"
"q3_2","[Socialdemokraterna (S)] På den här skalan vill vi att du placerar de olika partierna efter hur du uppfattar deras inställning till hur många flyktingar Sverige bör ta emot.","integer","2","2"
"q3_2","[Socialdemokraterna (S)] På den här skalan vill vi att du placerar de olika partierna efter hur du uppfattar deras inställning till hur många flyktingar Sverige bör ta emot.","integer","3","3"
"q3_2","[Socialdemokraterna (S)] På den här skalan vill vi att du placerar de olika partierna efter hur du uppfattar deras inställning till hur många flyktingar Sverige bör ta emot.","integer","4","4"
"q3_2","[Socialdemokraterna (S)] På den här skalan vill vi att du placerar de olika partierna efter hur du uppfattar deras inställning till hur många flyktingar Sverige bör ta emot.","integer","5","5"
"q3_2","[Socialdemokraterna (S)] På den här skalan vill vi att du placerar de olika partierna efter hur du uppfattar deras inställning till hur många flyktingar Sverige bör ta emot.","integer","6","6"
"q3_2","[Socialdemokraterna (S)] På den här skalan vill vi att du placerar de olika partierna efter hur du uppfattar deras inställning till hur många flyktingar Sverige bör ta emot.","integer","7","Vi bör vara generösa när det gäller hur många flyktingar vi tar emot i Sverige7"
"q3_3","[Centerpartiet (C)] På den här skalan vill vi att du placerar de olika partierna efter hur du uppfattar deras inställning till hur många flyktingar Sverige bör ta emot.","integer","1","Vi bör vara restriktiva när det gäller hur många flyktingar vi tar emot i Sverige1"
"q3_3","[Centerpartiet (C)] På den här skalan vill vi att du placerar de olika partierna efter hur du uppfattar deras inställning till hur många flyktingar Sverige bör ta emot.","integer","2","2"
"q3_3","[Centerpartiet (C)] På den här skalan vill vi att du placerar de olika partierna efter hur du uppfattar deras inställning till hur många flyktingar Sverige bör ta emot.","integer","3","3"
"q3_3","[Centerpartiet (C)] På den här skalan vill vi att du placerar de olika partierna efter hur du uppfattar deras inställning till hur många flyktingar Sverige bör ta emot.","integer","4","4"
"q3_3","[Centerpartiet (C)] På den här skalan vill vi att du placerar de olika partierna efter hur du uppfattar deras inställning till hur många flyktingar Sverige bör ta emot.","integer","5","5"
"q3_3","[Centerpartiet (C)] På den här skalan vill vi att du placerar de olika partierna efter hur du uppfattar deras inställning till hur många flyktingar Sverige bör ta emot.","integer","6","6"
"q3_3","[Centerpartiet (C)] På den här skalan vill vi att du placerar de olika partierna efter hur du uppfattar deras inställning till hur många flyktingar Sverige bör ta emot.","integer","7","Vi bör vara generösa när det gäller hur många flyktingar vi tar emot i Sverige7"
"q3_4","[Liberalerna (L)] På den här skalan vill vi att du placerar de olika partierna efter hur du uppfattar deras inställning till hur många flyktingar Sverige bör ta emot.","integer","1","Vi bör vara restriktiva när det gäller hur många flyktingar vi tar emot i Sverige1"
"q3_4","[Liberalerna (L)] På den här skalan vill vi att du placerar de olika partierna efter hur du uppfattar deras inställning till hur många flyktingar Sverige bör ta emot.","integer","2","2"
"q3_4","[Liberalerna (L)] På den här skalan vill vi att du placerar de olika partierna efter hur du uppfattar deras inställning till hur många flyktingar Sverige bör ta emot.","integer","3","3"
"q3_4","[Liberalerna (L)] På den här skalan vill vi att du placerar de olika partierna efter hur du uppfattar deras inställning till hur många flyktingar Sverige bör ta emot.","integer","4","4"
"q3_4","[Liberalerna (L)] På den här skalan vill vi att du placerar de olika partierna efter hur du uppfattar deras inställning till hur många flyktingar Sverige bör ta emot.","integer","5","5"
"q3_4","[Liberalerna (L)] På den här skalan vill vi att du placerar de olika partierna efter hur du uppfattar deras inställning till hur många flyktingar Sverige bör ta emot.","integer","6","6"
"q3_4","[Liberalerna (L)] På den här skalan vill vi att du placerar de olika partierna efter hur du uppfattar deras inställning till hur många flyktingar Sverige bör ta emot.","integer","7","Vi bör vara generösa när det gäller hur många flyktingar vi tar emot i Sverige7"
"q3_5","[Moderaterna (M)] På den här skalan vill vi att du placerar de olika partierna efter hur du uppfattar deras inställning till hur många flyktingar Sverige bör ta emot.","integer","1","Vi bör vara restriktiva när det gäller hur många flyktingar vi tar emot i Sverige1"
"q3_5","[Moderaterna (M)] På den här skalan vill vi att du placerar de olika partierna efter hur du uppfattar deras inställning till hur många flyktingar Sverige bör ta emot.","integer","2","2"
"q3_5","[Moderaterna (M)] På den här skalan vill vi att du placerar de olika partierna efter hur du uppfattar deras inställning till hur många flyktingar Sverige bör ta emot.","integer","3","3"
"q3_5","[Moderaterna (M)] På den här skalan vill vi att du placerar de olika partierna efter hur du uppfattar deras inställning till hur många flyktingar Sverige bör ta emot.","integer","4","4"
"q3_5","[Moderaterna (M)] På den här skalan vill vi att du placerar de olika partierna efter hur du uppfattar deras inställning till hur många flyktingar Sverige bör ta emot.","integer","5","5"
"q3_5","[Moderaterna (M)] På den här skalan vill vi att du placerar de olika partierna efter hur du uppfattar deras inställning till hur många flyktingar Sverige bör ta emot.","integer","6","6"
"q3_5","[Moderaterna (M)] På den här skalan vill vi att du placerar de olika partierna efter hur du uppfattar deras inställning till hur många flyktingar Sverige bör ta emot.","integer","7","Vi bör vara generösa när det gäller hur många flyktingar vi tar emot i Sverige7"
"q3_6","[Kristdemokratema (KD)] På den här skalan vill vi att du placerar de olika partierna efter hur du uppfattar deras inställning till hur många flyktingar Sverige bör ta emot.","integer","1","Vi bör vara restriktiva när det gäller hur många flyktingar vi tar emot i Sverige1"
"q3_6","[Kristdemokratema (KD)] På den här skalan vill vi att du placerar de olika partierna efter hur du uppfattar deras inställning till hur många flyktingar Sverige bör ta emot.","integer","2","2"
"q3_6","[Kristdemokratema (KD)] På den här skalan vill vi att du placerar de olika partierna efter hur du uppfattar deras inställning till hur många flyktingar Sverige bör ta emot.","integer","3","3"
"q3_6","[Kristdemokratema (KD)] På den här skalan vill vi att du placerar de olika partierna efter hur du uppfattar deras inställning till hur många flyktingar Sverige bör ta emot.","integer","4","4"
"q3_6","[Kristdemokratema (KD)] På den här skalan vill vi att du placerar de olika partierna efter hur du uppfattar deras inställning till hur många flyktingar Sverige bör ta emot.","integer","5","5"
"q3_6","[Kristdemokratema (KD)] På den här skalan vill vi att du placerar de olika partierna efter hur du uppfattar deras inställning till hur många flyktingar Sverige bör ta emot.","integer","6","6"
"q3_6","[Kristdemokratema (KD)] På den här skalan vill vi att du placerar de olika partierna efter hur du uppfattar deras inställning till hur många flyktingar Sverige bör ta emot.","integer","7","Vi bör vara generösa när det gäller hur många flyktingar vi tar emot i Sverige7"
"q3_7","[Miljöpartiet (MP)] På den här skalan vill vi att du placerar de olika partierna efter hur du uppfattar deras inställning till hur många flyktingar Sverige bör ta emot.","integer","1","Vi bör vara restriktiva när det gäller hur många flyktingar vi tar emot i Sverige1"
"q3_7","[Miljöpartiet (MP)] På den här skalan vill vi att du placerar de olika partierna efter hur du uppfattar deras inställning till hur många flyktingar Sverige bör ta emot.","integer","2","2"
"q3_7","[Miljöpartiet (MP)] På den här skalan vill vi att du placerar de olika partierna efter hur du uppfattar deras inställning till hur många flyktingar Sverige bör ta emot.","integer","3","3"
"q3_7","[Miljöpartiet (MP)] På den här skalan vill vi att du placerar de olika partierna efter hur du uppfattar deras inställning till hur många flyktingar Sverige bör ta emot.","integer","4","4"
"q3_7","[Miljöpartiet (MP)] På den här skalan vill vi att du placerar de olika partierna efter hur du uppfattar deras inställning till hur många flyktingar Sverige bör ta emot.","integer","5","5"
"q3_7","[Miljöpartiet (MP)] På den här skalan vill vi att du placerar de olika partierna efter hur du uppfattar deras inställning till hur många flyktingar Sverige bör ta emot.","integer","6","6"
"q3_7","[Miljöpartiet (MP)] På den här skalan vill vi att du placerar de olika partierna efter hur du uppfattar deras inställning till hur många flyktingar Sverige bör ta emot.","integer","7","Vi bör vara generösa när det gäller hur många flyktingar vi tar emot i Sverige7"
"q3_8","[Sverigedemokratema (SD)] På den här skalan vill vi att du placerar de olika partierna efter hur du uppfattar deras inställning till hur många flyktingar Sverige bör ta emot.","integer","1","Vi bör vara restriktiva när det gäller hur många flyktingar vi tar emot i Sverige1"
"q3_8","[Sverigedemokratema (SD)] På den här skalan vill vi att du placerar de olika partierna efter hur du uppfattar deras inställning till hur många flyktingar Sverige bör ta emot.","integer","2","2"
"q3_8","[Sverigedemokratema (SD)] På den här skalan vill vi att du placerar de olika partierna efter hur du uppfattar deras inställning till hur många flyktingar Sverige bör ta emot.","integer","3","3"
"q3_8","[Sverigedemokratema (SD)] På den här skalan vill vi att du placerar de olika partierna efter hur du uppfattar deras inställning till hur många flyktingar Sverige bör ta emot.","integer","4","4"
"q3_8","[Sverigedemokratema (SD)] På den här skalan vill vi att du placerar de olika partierna efter hur du uppfattar deras inställning till hur många flyktingar Sverige bör ta emot.","integer","5","5"
"q3_8","[Sverigedemokratema (SD)] På den här skalan vill vi att du placerar de olika partierna efter hur du uppfattar deras inställning till hur många flyktingar Sverige bör ta emot.","integer","6","6"
"q3_8","[Sverigedemokratema (SD)] På den här skalan vill vi att du placerar de olika partierna efter hur du uppfattar deras inställning till hur många flyktingar Sverige bör ta emot.","integer","7","Vi bör vara generösa när det gäller hur många flyktingar vi tar emot i Sverige7"
"q4_1","Var skulle du placera dig själv på samma skala?","integer","1","Vi bör vara restriktiva när det gäller hur många flyktingar vi tar emot i Sverige1"
"q4_1","Var skulle du placera dig själv på samma skala?","integer","2","2"
"q4_1","Var skulle du placera dig själv på samma skala?","integer","3","3"
"q4_1","Var skulle du placera dig själv på samma skala?","integer","4","4"
"q4_1","Var skulle du placera dig själv på samma skala?","integer","5","5"
"q4_1","Var skulle du placera dig själv på samma skala?","integer","6","6"
"q4_1","Var skulle du placera dig själv på samma skala?","integer","7","Vi bör vara generösa när det gäller hur många flyktingar vi tar emot i Sverige7"
"q5_1","[Vänsterpartiet (V)] Om du tänker på partiernas inställning till EU. Var skulle du placera partierna på nedanstående skala?","integer","1","Negativ till EU1"
"q5_1","[Vänsterpartiet (V)] Om du tänker på partiernas inställning till EU. Var skulle du placera partierna på nedanstående skala?","integer","2","2"
"q5_1","[Vänsterpartiet (V)] Om du tänker på partiernas inställning till EU. Var skulle du placera partierna på nedanstående skala?","integer","3","3"
"q5_1","[Vänsterpartiet (V)] Om du tänker på partiernas inställning till EU. Var skulle du placera partierna på nedanstående skala?","integer","4","Varken positiv eller negativ till EU4"
"q5_1","[Vänsterpartiet (V)] Om du tänker på partiernas inställning till EU. Var skulle du placera partierna på nedanstående skala?","integer","5","5"
"q5_1","[Vänsterpartiet (V)] Om du tänker på partiernas inställning till EU. Var skulle du placera partierna på nedanstående skala?","integer","6","6"
"q5_1","[Vänsterpartiet (V)] Om du tänker på partiernas inställning till EU. Var skulle du placera partierna på nedanstående skala?","integer","7","Positiv till EU7"
"q5_2","[Socialdemokraterna (S)] Om du tänker på partiernas inställning till EU. Var skulle du placera partierna på nedanstående skala?","integer","1","Negativ till EU1"
"q5_2","[Socialdemokraterna (S)] Om du tänker på partiernas inställning till EU. Var skulle du placera partierna på nedanstående skala?","integer","2","2"
"q5_2","[Socialdemokraterna (S)] Om du tänker på partiernas inställning till EU. Var skulle du placera partierna på nedanstående skala?","integer","3","3"
"q5_2","[Socialdemokraterna (S)] Om du tänker på partiernas inställning till EU. Var skulle du placera partierna på nedanstående skala?","integer","4","Varken positiv eller negativ till EU4"
"q5_2","[Socialdemokraterna (S)] Om du tänker på partiernas inställning till EU. Var skulle du placera partierna på nedanstående skala?","integer","5","5"
"q5_2","[Socialdemokraterna (S)] Om du tänker på partiernas inställning till EU. Var skulle du placera partierna på nedanstående skala?","integer","6","6"
"q5_2","[Socialdemokraterna (S)] Om du tänker på partiernas inställning till EU. Var skulle du placera partierna på nedanstående skala?","integer","7","Positiv till EU7"
"q5_3","[Centerpartiet (C)] Om du tänker på partiernas inställning till EU. Var skulle du placera partierna på nedanstående skala?","integer","1","Negativ till EU1"
"q5_3","[Centerpartiet (C)] Om du tänker på partiernas inställning till EU. Var skulle du placera partierna på nedanstående skala?","integer","2","2"
"q5_3","[Centerpartiet (C)] Om du tänker på partiernas inställning till EU. Var skulle du placera partierna på nedanstående skala?","integer","3","3"
"q5_3","[Centerpartiet (C)] Om du tänker på partiernas inställning till EU. Var skulle du placera partierna på nedanstående skala?","integer","4","Varken positiv eller negativ till EU4"
"q5_3","[Centerpartiet (C)] Om du tänker på partiernas inställning till EU. Var skulle du placera partierna på nedanstående skala?","integer","5","5"
"q5_3","[Centerpartiet (C)] Om du tänker på partiernas inställning till EU. Var skulle du placera partierna på nedanstående skala?","integer","6","6"
"q5_3","[Centerpartiet (C)] Om du tänker på partiernas inställning till EU. Var skulle du placera partierna på nedanstående skala?","integer","7","Positiv till EU7"
"q5_4","[Liberalerna (L)] Om du tänker på partiernas inställning till EU. Var skulle du placera partierna på nedanstående skala?","integer","1","Negativ till EU1"
"q5_4","[Liberalerna (L)] Om du tänker på partiernas inställning till EU. Var skulle du placera partierna på nedanstående skala?","integer","2","2"
"q5_4","[Liberalerna (L)] Om du tänker på partiernas inställning till EU. Var skulle du placera partierna på nedanstående skala?","integer","3","3"
"q5_4","[Liberalerna (L)] Om du tänker på partiernas inställning till EU. Var skulle du placera partierna på nedanstående skala?","integer","4","Varken positiv eller negativ till EU4"
"q5_4","[Liberalerna (L)] Om du tänker på partiernas inställning till EU. Var skulle du placera partierna på nedanstående skala?","integer","5","5"
"q5_4","[Liberalerna (L)] Om du tänker på partiernas inställning till EU. Var skulle du placera partierna på nedanstående skala?","integer","6","6"
"q5_4","[Liberalerna (L)] Om du tänker på partiernas inställning till EU. Var skulle du placera partierna på nedanstående skala?","integer","7","Positiv till EU7"
"q5_5","[Moderaterna (M)] Om du tänker på partiernas inställning till EU. Var skulle du placera partierna på nedanstående skala?","integer","1","Negativ till EU1"
"q5_5","[Moderaterna (M)] Om du tänker på partiernas inställning till EU. Var skulle du placera partierna på nedanstående skala?","integer","2","2"
"q5_5","[Moderaterna (M)] Om du tänker på partiernas inställning till EU. Var skulle du placera partierna på nedanstående skala?","integer","3","3"
"q5_5","[Moderaterna (M)] Om du tänker på partiernas inställning till EU. Var skulle du placera partierna på nedanstående skala?","integer","4","Varken positiv eller negativ till EU4"
"q5_5","[Moderaterna (M)] Om du tänker på partiernas inställning till EU. Var skulle du placera partierna på nedanstående skala?","integer","5","5"
"q5_5","[Moderaterna (M)] Om du tänker på partiernas inställning till EU. Var skulle du placera partierna på nedanstående skala?","integer","6","6"
"q5_5","[Moderaterna (M)] Om du tänker på partiernas inställning till EU. Var skulle du placera partierna på nedanstående skala?","integer","7","Positiv till EU7"
"q5_6","[Kristdemokratema (KD)] Om du tänker på partiernas inställning till EU. Var skulle du placera partierna på nedanstående skala?","integer","1","Negativ till EU1"
"q5_6","[Kristdemokratema (KD)] Om du tänker på partiernas inställning till EU. Var skulle du placera partierna på nedanstående skala?","integer","2","2"
"q5_6","[Kristdemokratema (KD)] Om du tänker på partiernas inställning till EU. Var skulle du placera partierna på nedanstående skala?","integer","3","3"
"q5_6","[Kristdemokratema (KD)] Om du tänker på partiernas inställning till EU. Var skulle du placera partierna på nedanstående skala?","integer","4","Varken positiv eller negativ till EU4"
"q5_6","[Kristdemokratema (KD)] Om du tänker på partiernas inställning till EU. Var skulle du placera partierna på nedanstående skala?","integer","5","5"
"q5_6","[Kristdemokratema (KD)] Om du tänker på partiernas inställning till EU. Var skulle du placera partierna på nedanstående skala?","integer","6","6"
"q5_6","[Kristdemokratema (KD)] Om du tänker på partiernas inställning till EU. Var skulle du placera partierna på nedanstående skala?","integer","7","Positiv till EU7"
"q5_7","[Miljöpartiet (MP)] Om du tänker på partiernas inställning till EU. Var skulle du placera partierna på nedanstående skala?","integer","1","Negativ till EU1"
"q5_7","[Miljöpartiet (MP)] Om du tänker på partiernas inställning till EU. Var skulle du placera partierna på nedanstående skala?","integer","2","2"
"q5_7","[Miljöpartiet (MP)] Om du tänker på partiernas inställning till EU. Var skulle du placera partierna på nedanstående skala?","integer","3","3"
"q5_7","[Miljöpartiet (MP)] Om du tänker på partiernas inställning till EU. Var skulle du placera partierna på nedanstående skala?","integer","4","Varken positiv eller negativ till EU4"
"q5_7","[Miljöpartiet (MP)] Om du tänker på partiernas inställning till EU. Var skulle du placera partierna på nedanstående skala?","integer","5","5"
"q5_7","[Miljöpartiet (MP)] Om du tänker på partiernas inställning till EU. Var skulle du placera partierna på nedanstående skala?","integer","6","6"
"q5_7","[Miljöpartiet (MP)] Om du tänker på partiernas inställning till EU. Var skulle du placera partierna på nedanstående skala?","integer","7","Positiv till EU7"
"q5_8","[Sverigedemokratema (SD)] Om du tänker på partiernas inställning till EU. Var skulle du placera partierna på nedanstående skala?","integer","1","Negativ till EU1"
"q5_8","[Sverigedemokratema (SD)] Om du tänker på partiernas inställning till EU. Var skulle du placera partierna på nedanstående skala?","integer","2","2"
"q5_8","[Sverigedemokratema (SD)] Om du tänker på partiernas inställning till EU. Var skulle du placera partierna på nedanstående skala?","integer","3","3"
"q5_8","[Sverigedemokratema (SD)] Om du tänker på partiernas inställning till EU. Var skulle du placera partierna på nedanstående skala?","integer","4","Varken positiv eller negativ till EU4"
"q5_8","[Sverigedemokratema (SD)] Om du tänker på partiernas inställning till EU. Var skulle du placera partierna på nedanstående skala?","integer","5","5"
"q5_8","[Sverigedemokratema (SD)] Om du tänker på partiernas inställning till EU. Var skulle du placera partierna på nedanstående skala?","integer","6","6"
"q5_8","[Sverigedemokratema (SD)] Om du tänker på partiernas inställning till EU. Var skulle du placera partierna på nedanstående skala?","integer","7","Positiv till EU7"
"q6_1","Var skulle du placera dig själv på samma skala?","integer","1","Negativ till EU1"
"q6_1","Var skulle du placera dig själv på samma skala?","integer","2","2"
"q6_1","Var skulle du placera dig själv på samma skala?","integer","3","3"
"q6_1","Var skulle du placera dig själv på samma skala?","integer","4","Varken positiv eller negativ till EU4"
"q6_1","Var skulle du placera dig själv på samma skala?","integer","5","5"
"q6_1","Var skulle du placera dig själv på samma skala?","integer","6","6"
"q6_1","Var skulle du placera dig själv på samma skala?","integer","7","Positiv till EU7"
"q7_1","[Vänsterpartiet (V)] Om du tänker på partiernas inställning till att satsa på ett miljövänligt samhälle även om det innebär sänkt materiell levnadsstandard. Var skulle du placera partierna på nedanstående skala?","integer","1","Mycket dåligt förslag1"
"q7_1","[Vänsterpartiet (V)] Om du tänker på partiernas inställning till att satsa på ett miljövänligt samhälle även om det innebär sänkt materiell levnadsstandard. Var skulle du placera partierna på nedanstående skala?","integer","2","2"
"q7_1","[Vänsterpartiet (V)] Om du tänker på partiernas inställning till att satsa på ett miljövänligt samhälle även om det innebär sänkt materiell levnadsstandard. Var skulle du placera partierna på nedanstående skala?","integer","3","3"
"q7_1","[Vänsterpartiet (V)] Om du tänker på partiernas inställning till att satsa på ett miljövänligt samhälle även om det innebär sänkt materiell levnadsstandard. Var skulle du placera partierna på nedanstående skala?","integer","4","Varken bra eller dåligt förslag4"
"q7_1","[Vänsterpartiet (V)] Om du tänker på partiernas inställning till att satsa på ett miljövänligt samhälle även om det innebär sänkt materiell levnadsstandard. Var skulle du placera partierna på nedanstående skala?","integer","5","5"
"q7_1","[Vänsterpartiet (V)] Om du tänker på partiernas inställning till att satsa på ett miljövänligt samhälle även om det innebär sänkt materiell levnadsstandard. Var skulle du placera partierna på nedanstående skala?","integer","6","6"
"q7_1","[Vänsterpartiet (V)] Om du tänker på partiernas inställning till att satsa på ett miljövänligt samhälle även om det innebär sänkt materiell levnadsstandard. Var skulle du placera partierna på nedanstående skala?","integer","7","Mycket bra förslag7"
"q7_2","[Socialdemokraterna (S)] Om du tänker på partiernas inställning till att satsa på ett miljövänligt samhälle även om det innebär sänkt materiell levnadsstandard. Var skulle du placera partierna på nedanstående skala?","integer","1","Mycket dåligt förslag1"
"q7_2","[Socialdemokraterna (S)] Om du tänker på partiernas inställning till att satsa på ett miljövänligt samhälle även om det innebär sänkt materiell levnadsstandard. Var skulle du placera partierna på nedanstående skala?","integer","2","2"
"q7_2","[Socialdemokraterna (S)] Om du tänker på partiernas inställning till att satsa på ett miljövänligt samhälle även om det innebär sänkt materiell levnadsstandard. Var skulle du placera partierna på nedanstående skala?","integer","3","3"
"q7_2","[Socialdemokraterna (S)] Om du tänker på partiernas inställning till att satsa på ett miljövänligt samhälle även om det innebär sänkt materiell levnadsstandard. Var skulle du placera partierna på nedanstående skala?","integer","4","Varken bra eller dåligt förslag4"
"q7_2","[Socialdemokraterna (S)] Om du tänker på partiernas inställning till att satsa på ett miljövänligt samhälle även om det innebär sänkt materiell levnadsstandard. Var skulle du placera partierna på nedanstående skala?","integer","5","5"
"q7_2","[Socialdemokraterna (S)] Om du tänker på partiernas inställning till att satsa på ett miljövänligt samhälle även om det innebär sänkt materiell levnadsstandard. Var skulle du placera partierna på nedanstående skala?","integer","6","6"
"q7_2","[Socialdemokraterna (S)] Om du tänker på partiernas inställning till att satsa på ett miljövänligt samhälle även om det innebär sänkt materiell levnadsstandard. Var skulle du placera partierna på nedanstående skala?","integer","7","Mycket bra förslag7"
"q7_3","[Centerpartiet (C)] Om du tänker på partiernas inställning till att satsa på ett miljövänligt samhälle även om det innebär sänkt materiell levnadsstandard. Var skulle du placera partierna på nedanstående skala?","integer","1","Mycket dåligt förslag1"
"q7_3","[Centerpartiet (C)] Om du tänker på partiernas inställning till att satsa på ett miljövänligt samhälle även om det innebär sänkt materiell levnadsstandard. Var skulle du placera partierna på nedanstående skala?","integer","2","2"
"q7_3","[Centerpartiet (C)] Om du tänker på partiernas inställning till att satsa på ett miljövänligt samhälle även om det innebär sänkt materiell levnadsstandard. Var skulle du placera partierna på nedanstående skala?","integer","3","3"
"q7_3","[Centerpartiet (C)] Om du tänker på partiernas inställning till att satsa på ett miljövänligt samhälle även om det innebär sänkt materiell levnadsstandard. Var skulle du placera partierna på nedanstående skala?","integer","4","Varken bra eller dåligt förslag4"
"q7_3","[Centerpartiet (C)] Om du tänker på partiernas inställning till att satsa på ett miljövänligt samhälle även om det innebär sänkt materiell levnadsstandard. Var skulle du placera partierna på nedanstående skala?","integer","5","5"
"q7_3","[Centerpartiet (C)] Om du tänker på partiernas inställning till att satsa på ett miljövänligt samhälle även om det innebär sänkt materiell levnadsstandard. Var skulle du placera partierna på nedanstående skala?","integer","6","6"
"q7_3","[Centerpartiet (C)] Om du tänker på partiernas inställning till att satsa på ett miljövänligt samhälle även om det innebär sänkt materiell levnadsstandard. Var skulle du placera partierna på nedanstående skala?","integer","7","Mycket bra förslag7"
"q7_4","[Liberalerna (L)] Om du tänker på partiernas inställning till att satsa på ett miljövänligt samhälle även om det innebär sänkt materiell levnadsstandard. Var skulle du placera partierna på nedanstående skala?","integer","1","Mycket dåligt förslag1"
"q7_4","[Liberalerna (L)] Om du tänker på partiernas inställning till att satsa på ett miljövänligt samhälle även om det innebär sänkt materiell levnadsstandard. Var skulle du placera partierna på nedanstående skala?","integer","2","2"
"q7_4","[Liberalerna (L)] Om du tänker på partiernas inställning till att satsa på ett miljövänligt samhälle även om det innebär sänkt materiell levnadsstandard. Var skulle du placera partierna på nedanstående skala?","integer","3","3"
"q7_4","[Liberalerna (L)] Om du tänker på partiernas inställning till att satsa på ett miljövänligt samhälle även om det innebär sänkt materiell levnadsstandard. Var skulle du placera partierna på nedanstående skala?","integer","4","Varken bra eller dåligt förslag4"
"q7_4","[Liberalerna (L)] Om du tänker på partiernas inställning till att satsa på ett miljövänligt samhälle även om det innebär sänkt materiell levnadsstandard. Var skulle du placera partierna på nedanstående skala?","integer","5","5"
"q7_4","[Liberalerna (L)] Om du tänker på partiernas inställning till att satsa på ett miljövänligt samhälle även om det innebär sänkt materiell levnadsstandard. Var skulle du placera partierna på nedanstående skala?","integer","6","6"
"q7_4","[Liberalerna (L)] Om du tänker på partiernas inställning till att satsa på ett miljövänligt samhälle även om det innebär sänkt materiell levnadsstandard. Var skulle du placera partierna på nedanstående skala?","integer","7","Mycket bra förslag7"
"q7_5","[Moderaterna (M)] Om du tänker på partiernas inställning till att satsa på ett miljövänligt samhälle även om det innebär sänkt materiell levnadsstandard. Var skulle du placera partierna på nedanstående skala?","integer","1","Mycket dåligt förslag1"
"q7_5","[Moderaterna (M)] Om du tänker på partiernas inställning till att satsa på ett miljövänligt samhälle även om det innebär sänkt materiell levnadsstandard. Var skulle du placera partierna på nedanstående skala?","integer","2","2"
"q7_5","[Moderaterna (M)] Om du tänker på partiernas inställning till att satsa på ett miljövänligt samhälle även om det innebär sänkt materiell levnadsstandard. Var skulle du placera partierna på nedanstående skala?","integer","3","3"
"q7_5","[Moderaterna (M)] Om du tänker på partiernas inställning till att satsa på ett miljövänligt samhälle även om det innebär sänkt materiell levnadsstandard. Var skulle du placera partierna på nedanstående skala?","integer","4","Varken bra eller dåligt förslag4"
"q7_5","[Moderaterna (M)] Om du tänker på partiernas inställning till att satsa på ett miljövänligt samhälle även om det innebär sänkt materiell levnadsstandard. Var skulle du placera partierna på nedanstående skala?","integer","5","5"
"q7_5","[Moderaterna (M)] Om du tänker på partiernas inställning till att satsa på ett miljövänligt samhälle även om det innebär sänkt materiell levnadsstandard. Var skulle du placera partierna på nedanstående skala?","integer","6","6"
"q7_5","[Moderaterna (M)] Om du tänker på partiernas inställning till att satsa på ett miljövänligt samhälle även om det innebär sänkt materiell levnadsstandard. Var skulle du placera partierna på nedanstående skala?","integer","7","Mycket bra förslag7"
"q7_6","[Kristdemokratema (KD)] Om du tänker på partiernas inställning till att satsa på ett miljövänligt samhälle även om det innebär sänkt materiell levnadsstandard. Var skulle du placera partierna på nedanstående skala?","integer","1","Mycket dåligt förslag1"
"q7_6","[Kristdemokratema (KD)] Om du tänker på partiernas inställning till att satsa på ett miljövänligt samhälle även om det innebär sänkt materiell levnadsstandard. Var skulle du placera partierna på nedanstående skala?","integer","2","2"
"q7_6","[Kristdemokratema (KD)] Om du tänker på partiernas inställning till att satsa på ett miljövänligt samhälle även om det innebär sänkt materiell levnadsstandard. Var skulle du placera partierna på nedanstående skala?","integer","3","3"
"q7_6","[Kristdemokratema (KD)] Om du tänker på partiernas inställning till att satsa på ett miljövänligt samhälle även om det innebär sänkt materiell levnadsstandard. Var skulle du placera partierna på nedanstående skala?","integer","4","Varken bra eller dåligt förslag4"
"q7_6","[Kristdemokratema (KD)] Om du tänker på partiernas inställning till att satsa på ett miljövänligt samhälle även om det innebär sänkt materiell levnadsstandard. Var skulle du placera partierna på nedanstående skala?","integer","5","5"
"q7_6","[Kristdemokratema (KD)] Om du tänker på partiernas inställning till att satsa på ett miljövänligt samhälle även om det innebär sänkt materiell levnadsstandard. Var skulle du placera partierna på nedanstående skala?","integer","6","6"
"q7_6","[Kristdemokratema (KD)] Om du tänker på partiernas inställning till att satsa på ett miljövänligt samhälle även om det innebär sänkt materiell levnadsstandard. Var skulle du placera partierna på nedanstående skala?","integer","7","Mycket bra förslag7"
"q7_7","[Miljöpartiet (MP)] Om du tänker på partiernas inställning till att satsa på ett miljövänligt samhälle även om det innebär sänkt materiell levnadsstandard. Var skulle du placera partierna på nedanstående skala?","integer","1","Mycket dåligt förslag1"
"q7_7","[Miljöpartiet (MP)] Om du tänker på partiernas inställning till att satsa på ett miljövänligt samhälle även om det innebär sänkt materiell levnadsstandard. Var skulle du placera partierna på nedanstående skala?","integer","2","2"
"q7_7","[Miljöpartiet (MP)] Om du tänker på partiernas inställning till att satsa på ett miljövänligt samhälle även om det innebär sänkt materiell levnadsstandard. Var skulle du placera partierna på nedanstående skala?","integer","3","3"
"q7_7","[Miljöpartiet (MP)] Om du tänker på partiernas inställning till att satsa på ett miljövänligt samhälle även om det innebär sänkt materiell levnadsstandard. Var skulle du placera partierna på nedanstående skala?","integer","4","Varken bra eller dåligt förslag4"
"q7_7","[Miljöpartiet (MP)] Om du tänker på partiernas inställning till att satsa på ett miljövänligt samhälle även om det innebär sänkt materiell levnadsstandard. Var skulle du placera partierna på nedanstående skala?","integer","5","5"
"q7_7","[Miljöpartiet (MP)] Om du tänker på partiernas inställning till att satsa på ett miljövänligt samhälle även om det innebär sänkt materiell levnadsstandard. Var skulle du placera partierna på nedanstående skala?","integer","6","6"
"q7_7","[Miljöpartiet (MP)] Om du tänker på partiernas inställning till att satsa på ett miljövänligt samhälle även om det innebär sänkt materiell levnadsstandard. Var skulle du placera partierna på nedanstående skala?","integer","7","Mycket bra förslag7"
"q7_8","[Sverigedemokratema (SD)] Om du tänker på partiernas inställning till att satsa på ett miljövänligt samhälle även om det innebär sänkt materiell levnadsstandard. Var skulle du placera partierna på nedanstående skala?","integer","1","Mycket dåligt förslag1"
"q7_8","[Sverigedemokratema (SD)] Om du tänker på partiernas inställning till att satsa på ett miljövänligt samhälle även om det innebär sänkt materiell levnadsstandard. Var skulle du placera partierna på nedanstående skala?","integer","2","2"
"q7_8","[Sverigedemokratema (SD)] Om du tänker på partiernas inställning till att satsa på ett miljövänligt samhälle även om det innebär sänkt materiell levnadsstandard. Var skulle du placera partierna på nedanstående skala?","integer","3","3"
"q7_8","[Sverigedemokratema (SD)] Om du tänker på partiernas inställning till att satsa på ett miljövänligt samhälle även om det innebär sänkt materiell levnadsstandard. Var skulle du placera partierna på nedanstående skala?","integer","4","Varken bra eller dåligt förslag4"
"q7_8","[Sverigedemokratema (SD)] Om du tänker på partiernas inställning till att satsa på ett miljövänligt samhälle även om det innebär sänkt materiell levnadsstandard. Var skulle du placera partierna på nedanstående skala?","integer","5","5"
"q7_8","[Sverigedemokratema (SD)] Om du tänker på partiernas inställning till att satsa på ett miljövänligt samhälle även om det innebär sänkt materiell levnadsstandard. Var skulle du placera partierna på nedanstående skala?","integer","6","6"
"q7_8","[Sverigedemokratema (SD)] Om du tänker på partiernas inställning till att satsa på ett miljövänligt samhälle även om det innebär sänkt materiell levnadsstandard. Var skulle du placera partierna på nedanstående skala?","integer","7","Mycket bra förslag7"
"q8_1","Var skulle du placera dig själv på samma skala?","integer","1","Mycket dåligt förslag1"
"q8_1","Var skulle du placera dig själv på samma skala?","integer","2","2"
"q8_1","Var skulle du placera dig själv på samma skala?","integer","3","3"
"q8_1","Var skulle du placera dig själv på samma skala?","integer","4","Varken bra eller dåligt förslag4"
"q8_1","Var skulle du placera dig själv på samma skala?","integer","5","5"
"q8_1","Var skulle du placera dig själv på samma skala?","integer","6","6"
"q8_1","Var skulle du placera dig själv på samma skala?","integer","7","Mycket bra förslag7"
"q9_1","[Att minska användningen av tobak] I den politiska debatten diskuteras ibland vem som har huvudansvaret för att uppnå vissa samhälleliga mål eller minimera skadeverkningarna från olika aktiviteter; individen eller samhället i stort? Vi ber dig nu","integer","1","Huvudsakligen individens ansvar"
"q9_1","[Att minska användningen av tobak] I den politiska debatten diskuteras ibland vem som har huvudansvaret för att uppnå vissa samhälleliga mål eller minimera skadeverkningarna från olika aktiviteter; individen eller samhället i stort? Vi ber dig nu","integer","2","Mer individens ansvar"
"q9_1","[Att minska användningen av tobak] I den politiska debatten diskuteras ibland vem som har huvudansvaret för att uppnå vissa samhälleliga mål eller minimera skadeverkningarna från olika aktiviteter; individen eller samhället i stort? Vi ber dig nu","integer","3","Lika mycket individens och samhällets ansvar"
"q9_1","[Att minska användningen av tobak] I den politiska debatten diskuteras ibland vem som har huvudansvaret för att uppnå vissa samhälleliga mål eller minimera skadeverkningarna från olika aktiviteter; individen eller samhället i stort? Vi ber dig nu","integer","4","Mer samhällets ansvar"
"q9_1","[Att minska användningen av tobak] I den politiska debatten diskuteras ibland vem som har huvudansvaret för att uppnå vissa samhälleliga mål eller minimera skadeverkningarna från olika aktiviteter; individen eller samhället i stort? Vi ber dig nu","integer","5","Huvudsakligen samhällets ansvar"
"q9_2","[Att minska konsumtionen av alkohol] I den politiska debatten diskuteras ibland vem som har huvudansvaret för att uppnå vissa samhälleliga mål eller minimera skadeverkningarna från olika aktiviteter; individen eller samhället i stort? Vi ber dig n","integer","1","Huvudsakligen individens ansvar"
"q9_2","[Att minska konsumtionen av alkohol] I den politiska debatten diskuteras ibland vem som har huvudansvaret för att uppnå vissa samhälleliga mål eller minimera skadeverkningarna från olika aktiviteter; individen eller samhället i stort? Vi ber dig n","integer","2","Mer individens ansvar"
"q9_2","[Att minska konsumtionen av alkohol] I den politiska debatten diskuteras ibland vem som har huvudansvaret för att uppnå vissa samhälleliga mål eller minimera skadeverkningarna från olika aktiviteter; individen eller samhället i stort? Vi ber dig n","integer","3","Lika mycket individens och samhällets ansvar"
"q9_2","[Att minska konsumtionen av alkohol] I den politiska debatten diskuteras ibland vem som har huvudansvaret för att uppnå vissa samhälleliga mål eller minimera skadeverkningarna från olika aktiviteter; individen eller samhället i stort? Vi ber dig n","integer","4","Mer samhällets ansvar"
"q9_2","[Att minska konsumtionen av alkohol] I den politiska debatten diskuteras ibland vem som har huvudansvaret för att uppnå vissa samhälleliga mål eller minimera skadeverkningarna från olika aktiviteter; individen eller samhället i stort? Vi ber dig n","integer","5","Huvudsakligen samhällets ansvar"
"q9_3","[Att minska konsumtionens klimatpåverkan] I den politiska debatten diskuteras ibland vem som har huvudansvaret för att uppnå vissa samhälleliga mål eller minimera skadeverkningarna från olika aktiviteter; individen eller samhället i stort? Vi ber","integer","1","Huvudsakligen individens ansvar"
"q9_3","[Att minska konsumtionens klimatpåverkan] I den politiska debatten diskuteras ibland vem som har huvudansvaret för att uppnå vissa samhälleliga mål eller minimera skadeverkningarna från olika aktiviteter; individen eller samhället i stort? Vi ber","integer","2","Mer individens ansvar"
"q9_3","[Att minska konsumtionens klimatpåverkan] I den politiska debatten diskuteras ibland vem som har huvudansvaret för att uppnå vissa samhälleliga mål eller minimera skadeverkningarna från olika aktiviteter; individen eller samhället i stort? Vi ber","integer","3","Lika mycket individens och samhällets ansvar"
"q9_3","[Att minska konsumtionens klimatpåverkan] I den politiska debatten diskuteras ibland vem som har huvudansvaret för att uppnå vissa samhälleliga mål eller minimera skadeverkningarna från olika aktiviteter; individen eller samhället i stort? Vi ber","integer","4","Mer samhällets ansvar"
"q9_3","[Att minska konsumtionens klimatpåverkan] I den politiska debatten diskuteras ibland vem som har huvudansvaret för att uppnå vissa samhälleliga mål eller minimera skadeverkningarna från olika aktiviteter; individen eller samhället i stort? Vi ber","integer","5","Huvudsakligen samhällets ansvar"
"q9_4","[Att öka människors pensionssparande] I den politiska debatten diskuteras ibland vem som har huvudansvaret för att uppnå vissa samhälleliga mål eller minimera skadeverkningarna från olika aktiviteter; individen eller samhället i stort? Vi ber di","integer","1","Huvudsakligen individens ansvar"
"q9_4","[Att öka människors pensionssparande] I den politiska debatten diskuteras ibland vem som har huvudansvaret för att uppnå vissa samhälleliga mål eller minimera skadeverkningarna från olika aktiviteter; individen eller samhället i stort? Vi ber di","integer","2","Mer individens ansvar"
"q9_4","[Att öka människors pensionssparande] I den politiska debatten diskuteras ibland vem som har huvudansvaret för att uppnå vissa samhälleliga mål eller minimera skadeverkningarna från olika aktiviteter; individen eller samhället i stort? Vi ber di","integer","3","Lika mycket individens och samhällets ansvar"
"q9_4","[Att öka människors pensionssparande] I den politiska debatten diskuteras ibland vem som har huvudansvaret för att uppnå vissa samhälleliga mål eller minimera skadeverkningarna från olika aktiviteter; individen eller samhället i stort? Vi ber di","integer","4","Mer samhällets ansvar"
"q9_4","[Att öka människors pensionssparande] I den politiska debatten diskuteras ibland vem som har huvudansvaret för att uppnå vissa samhälleliga mål eller minimera skadeverkningarna från olika aktiviteter; individen eller samhället i stort? Vi ber di","integer","5","Huvudsakligen samhällets ansvar"
"q9_5","[Att minska konsumtionen av socker] I den politiska debatten diskuteras ibland vem som har huvudansvaret för att uppnå vissa samhälleliga mål eller minimera skadeverkningarna från olika aktiviteter; individen eller samhället i stort? Vi ber dig nu","integer","1","Huvudsakligen individens ansvar"
"q9_5","[Att minska konsumtionen av socker] I den politiska debatten diskuteras ibland vem som har huvudansvaret för att uppnå vissa samhälleliga mål eller minimera skadeverkningarna från olika aktiviteter; individen eller samhället i stort? Vi ber dig nu","integer","2","Mer individens ansvar"
"q9_5","[Att minska konsumtionen av socker] I den politiska debatten diskuteras ibland vem som har huvudansvaret för att uppnå vissa samhälleliga mål eller minimera skadeverkningarna från olika aktiviteter; individen eller samhället i stort? Vi ber dig nu","integer","3","Lika mycket individens och samhällets ansvar"
"q9_5","[Att minska konsumtionen av socker] I den politiska debatten diskuteras ibland vem som har huvudansvaret för att uppnå vissa samhälleliga mål eller minimera skadeverkningarna från olika aktiviteter; individen eller samhället i stort? Vi ber dig nu","integer","4","Mer samhällets ansvar"
"q9_5","[Att minska konsumtionen av socker] I den politiska debatten diskuteras ibland vem som har huvudansvaret för att uppnå vissa samhälleliga mål eller minimera skadeverkningarna från olika aktiviteter; individen eller samhället i stort? Vi ber dig nu","integer","5","Huvudsakligen samhällets ansvar"
"q9_6","[Att minska människors överbelåning] I den politiska debatten diskuteras ibland vem som har huvudansvaret för att uppnå vissa samhälleliga mål eller minimera skadeverkningarna från olika aktiviteter; individen eller samhället i stort? Vi ber di","integer","1","Huvudsakligen individens ansvar"
"q9_6","[Att minska människors överbelåning] I den politiska debatten diskuteras ibland vem som har huvudansvaret för att uppnå vissa samhälleliga mål eller minimera skadeverkningarna från olika aktiviteter; individen eller samhället i stort? Vi ber di","integer","2","Mer individens ansvar"
"q9_6","[Att minska människors överbelåning] I den politiska debatten diskuteras ibland vem som har huvudansvaret för att uppnå vissa samhälleliga mål eller minimera skadeverkningarna från olika aktiviteter; individen eller samhället i stort? Vi ber di","integer","3","Lika mycket individens och samhällets ansvar"
"q9_6","[Att minska människors överbelåning] I den politiska debatten diskuteras ibland vem som har huvudansvaret för att uppnå vissa samhälleliga mål eller minimera skadeverkningarna från olika aktiviteter; individen eller samhället i stort? Vi ber di","integer","4","Mer samhällets ansvar"
"q9_6","[Att minska människors överbelåning] I den politiska debatten diskuteras ibland vem som har huvudansvaret för att uppnå vissa samhälleliga mål eller minimera skadeverkningarna från olika aktiviteter; individen eller samhället i stort? Vi ber di","integer","5","Huvudsakligen samhällets ansvar"
"q10a_1","[Inför ett fossilförbud från 2030 som förbjuder användning av fossila bränslen i industrin och all försäljning av fossila drivmedel.] Motverka klimatförändringarna","integer","1","Mycket dåligt förslag"
"q10a_1","[Inför ett fossilförbud från 2030 som förbjuder användning av fossila bränslen i industrin och all försäljning av fossila drivmedel.] Motverka klimatförändringarna","integer","2","Ganska dåligt förslag"
"q10a_1","[Inför ett fossilförbud från 2030 som förbjuder användning av fossila bränslen i industrin och all försäljning av fossila drivmedel.] Motverka klimatförändringarna","integer","3","Varken bra eller dåligt förslag"
"q10a_1","[Inför ett fossilförbud från 2030 som förbjuder användning av fossila bränslen i industrin och all försäljning av fossila drivmedel.] Motverka klimatförändringarna","integer","4","Ganska bra förslag"
"q10a_1","[Inför ett fossilförbud från 2030 som förbjuder användning av fossila bränslen i industrin och all försäljning av fossila drivmedel.] Motverka klimatförändringarna","integer","5","Mycket bra förslag"
"q10a_1","[Inför ett fossilförbud från 2030 som förbjuder användning av fossila bränslen i industrin och all försäljning av fossila drivmedel.] Motverka klimatförändringarna","integer","999","Ingen uppfattning"
"q10a_2","[Höj koldioxidskatten för att minska utsläppen, med en förväntad ökning av utgifter för hushåll och företag i förhållande till hur mycket koldioxid de släpper ut.] Motverka klimatförändringarna","integer","1","Mycket dåligt förslag"
"q10a_2","[Höj koldioxidskatten för att minska utsläppen, med en förväntad ökning av utgifter för hushåll och företag i förhållande till hur mycket koldioxid de släpper ut.] Motverka klimatförändringarna","integer","2","Ganska dåligt förslag"
"q10a_2","[Höj koldioxidskatten för att minska utsläppen, med en förväntad ökning av utgifter för hushåll och företag i förhållande till hur mycket koldioxid de släpper ut.] Motverka klimatförändringarna","integer","3","Varken bra eller dåligt förslag"
"q10a_2","[Höj koldioxidskatten för att minska utsläppen, med en förväntad ökning av utgifter för hushåll och företag i förhållande till hur mycket koldioxid de släpper ut.] Motverka klimatförändringarna","integer","4","Ganska bra förslag"
"q10a_2","[Höj koldioxidskatten för att minska utsläppen, med en förväntad ökning av utgifter för hushåll och företag i förhållande till hur mycket koldioxid de släpper ut.] Motverka klimatförändringarna","integer","5","Mycket bra förslag"
"q10a_2","[Höj koldioxidskatten för att minska utsläppen, med en förväntad ökning av utgifter för hushåll och företag i förhållande till hur mycket koldioxid de släpper ut.] Motverka klimatförändringarna","integer","999","Ingen uppfattning"
"q10a_3","[Inför obligatorisk klimatmärkning av produkter, så att graden av klimatpåverkan från en produkt alltid är synlig för konsumenten.] Motverka klimatförändringarna","integer","1","Mycket dåligt förslag"
"q10a_3","[Inför obligatorisk klimatmärkning av produkter, så att graden av klimatpåverkan från en produkt alltid är synlig för konsumenten.] Motverka klimatförändringarna","integer","2","Ganska dåligt förslag"
"q10a_3","[Inför obligatorisk klimatmärkning av produkter, så att graden av klimatpåverkan från en produkt alltid är synlig för konsumenten.] Motverka klimatförändringarna","integer","3","Varken bra eller dåligt förslag"
"q10a_3","[Inför obligatorisk klimatmärkning av produkter, så att graden av klimatpåverkan från en produkt alltid är synlig för konsumenten.] Motverka klimatförändringarna","integer","4","Ganska bra förslag"
"q10a_3","[Inför obligatorisk klimatmärkning av produkter, så att graden av klimatpåverkan från en produkt alltid är synlig för konsumenten.] Motverka klimatförändringarna","integer","5","Mycket bra förslag"
"q10a_3","[Inför obligatorisk klimatmärkning av produkter, så att graden av klimatpåverkan från en produkt alltid är synlig för konsumenten.] Motverka klimatförändringarna","integer","999","Ingen uppfattning"
"q10b_1","[Förbjud farliga kemikalier som anses skadliga för havsmiljön] Skydd av havsmiljön","integer","1","Mycket dåligt förslag"
"q10b_1","[Förbjud farliga kemikalier som anses skadliga för havsmiljön] Skydd av havsmiljön","integer","2","Ganska dåligt förslag"
"q10b_1","[Förbjud farliga kemikalier som anses skadliga för havsmiljön] Skydd av havsmiljön","integer","3","Varken bra eller dåligt förslag"
"q10b_1","[Förbjud farliga kemikalier som anses skadliga för havsmiljön] Skydd av havsmiljön","integer","4","Ganska bra förslag"
"q10b_1","[Förbjud farliga kemikalier som anses skadliga för havsmiljön] Skydd av havsmiljön","integer","5","Mycket bra förslag"
"q10b_1","[Förbjud farliga kemikalier som anses skadliga för havsmiljön] Skydd av havsmiljön","integer","999","Ingen uppfattning"
"q10b_2","[Inför en skatt på farliga kemikalier som anses skadliga för havsmiljön] Skydd av havsmiljön","integer","1","Mycket dåligt förslag"
"q10b_2","[Inför en skatt på farliga kemikalier som anses skadliga för havsmiljön] Skydd av havsmiljön","integer","2","Ganska dåligt förslag"
"q10b_2","[Inför en skatt på farliga kemikalier som anses skadliga för havsmiljön] Skydd av havsmiljön","integer","3","Varken bra eller dåligt förslag"
"q10b_2","[Inför en skatt på farliga kemikalier som anses skadliga för havsmiljön] Skydd av havsmiljön","integer","4","Ganska bra förslag"
"q10b_2","[Inför en skatt på farliga kemikalier som anses skadliga för havsmiljön] Skydd av havsmiljön","integer","5","Mycket bra förslag"
"q10b_2","[Inför en skatt på farliga kemikalier som anses skadliga för havsmiljön] Skydd av havsmiljön","integer","999","Ingen uppfattning"
"q10b_3","[Inför obligatorisk märkning av produkter som innehåller kemikalier som anses skadliga för havsmiljön] Skydd av havsmiljön","integer","1","Mycket dåligt förslag"
"q10b_3","[Inför obligatorisk märkning av produkter som innehåller kemikalier som anses skadliga för havsmiljön] Skydd av havsmiljön","integer","2","Ganska dåligt förslag"
"q10b_3","[Inför obligatorisk märkning av produkter som innehåller kemikalier som anses skadliga för havsmiljön] Skydd av havsmiljön","integer","3","Varken bra eller dåligt förslag"
"q10b_3","[Inför obligatorisk märkning av produkter som innehåller kemikalier som anses skadliga för havsmiljön] Skydd av havsmiljön","integer","4","Ganska bra förslag"
"q10b_3","[Inför obligatorisk märkning av produkter som innehåller kemikalier som anses skadliga för havsmiljön] Skydd av havsmiljön","integer","5","Mycket bra förslag"
"q10b_3","[Inför obligatorisk märkning av produkter som innehåller kemikalier som anses skadliga för havsmiljön] Skydd av havsmiljön","integer","999","Ingen uppfattning"
"q10c_1","[Förbjud viss försäljning av produkter med särskilt höga sockerhalter eller ohälsosamma fetter (t.ex. totalt förbud för barnmat med höga sockerhalter, eller förbud mot godisautomater i offentliga miljöer)] Mat och hälsa","integer","1","Mycket dåligt förslag"
"q10c_1","[Förbjud viss försäljning av produkter med särskilt höga sockerhalter eller ohälsosamma fetter (t.ex. totalt förbud för barnmat med höga sockerhalter, eller förbud mot godisautomater i offentliga miljöer)] Mat och hälsa","integer","2","Ganska dåligt förslag"
"q10c_1","[Förbjud viss försäljning av produkter med särskilt höga sockerhalter eller ohälsosamma fetter (t.ex. totalt förbud för barnmat med höga sockerhalter, eller förbud mot godisautomater i offentliga miljöer)] Mat och hälsa","integer","3","Varken bra eller dåligt förslag"
"q10c_1","[Förbjud viss försäljning av produkter med särskilt höga sockerhalter eller ohälsosamma fetter (t.ex. totalt förbud för barnmat med höga sockerhalter, eller förbud mot godisautomater i offentliga miljöer)] Mat och hälsa","integer","4","Ganska bra förslag"
"q10c_1","[Förbjud viss försäljning av produkter med särskilt höga sockerhalter eller ohälsosamma fetter (t.ex. totalt förbud för barnmat med höga sockerhalter, eller förbud mot godisautomater i offentliga miljöer)] Mat och hälsa","integer","5","Mycket bra förslag"
"q10c_1","[Förbjud viss försäljning av produkter med särskilt höga sockerhalter eller ohälsosamma fetter (t.ex. totalt förbud för barnmat med höga sockerhalter, eller förbud mot godisautomater i offentliga miljöer)] Mat och hälsa","integer","999","Ingen uppfattning"
"q10c_2","[Höj skatten på onyttig mat med hög sockerhalt och ohälsosamma fetter.] Mat och hälsa","integer","1","Mycket dåligt förslag"
"q10c_2","[Höj skatten på onyttig mat med hög sockerhalt och ohälsosamma fetter.] Mat och hälsa","integer","2","Ganska dåligt förslag"
"q10c_2","[Höj skatten på onyttig mat med hög sockerhalt och ohälsosamma fetter.] Mat och hälsa","integer","3","Varken bra eller dåligt förslag"
"q10c_2","[Höj skatten på onyttig mat med hög sockerhalt och ohälsosamma fetter.] Mat och hälsa","integer","4","Ganska bra förslag"
"q10c_2","[Höj skatten på onyttig mat med hög sockerhalt och ohälsosamma fetter.] Mat och hälsa","integer","5","Mycket bra förslag"
"q10c_2","[Höj skatten på onyttig mat med hög sockerhalt och ohälsosamma fetter.] Mat och hälsa","integer","999","Ingen uppfattning"
"q10c_3","[Inför obligatorisk märkning av mat efter hur nyttig den är] Mat och hälsa","integer","1","Mycket dåligt förslag"
"q10c_3","[Inför obligatorisk märkning av mat efter hur nyttig den är] Mat och hälsa","integer","2","Ganska dåligt förslag"
"q10c_3","[Inför obligatorisk märkning av mat efter hur nyttig den är] Mat och hälsa","integer","3","Varken bra eller dåligt förslag"
"q10c_3","[Inför obligatorisk märkning av mat efter hur nyttig den är] Mat och hälsa","integer","4","Ganska bra förslag"
"q10c_3","[Inför obligatorisk märkning av mat efter hur nyttig den är] Mat och hälsa","integer","5","Mycket bra förslag"
"q10c_3","[Inför obligatorisk märkning av mat efter hur nyttig den är] Mat och hälsa","integer","999","Ingen uppfattning"
"q10d_1","[Förbjud kreditlån med särskilt hög ränta (tex sms-lån eller snabblån med höga räntor)] Privatekonomi och sparande","integer","1","Mycket dåligt förslag"
"q10d_1","[Förbjud kreditlån med särskilt hög ränta (tex sms-lån eller snabblån med höga räntor)] Privatekonomi och sparande","integer","2","Ganska dåligt förslag"
"q10d_1","[Förbjud kreditlån med särskilt hög ränta (tex sms-lån eller snabblån med höga räntor)] Privatekonomi och sparande","integer","3","Varken bra eller dåligt förslag"
"q10d_1","[Förbjud kreditlån med särskilt hög ränta (tex sms-lån eller snabblån med höga räntor)] Privatekonomi och sparande","integer","4","Ganska bra förslag"
"q10d_1","[Förbjud kreditlån med särskilt hög ränta (tex sms-lån eller snabblån med höga räntor)] Privatekonomi och sparande","integer","5","Mycket bra förslag"
"q10d_1","[Förbjud kreditlån med särskilt hög ränta (tex sms-lån eller snabblån med höga räntor)] Privatekonomi och sparande","integer","999","Ingen uppfattning"
"q10d_2","[Inför en särskild skatt på företag som ger snabblån.] Privatekonomi och sparande","integer","1","Mycket dåligt förslag"
"q10d_2","[Inför en särskild skatt på företag som ger snabblån.] Privatekonomi och sparande","integer","2","Ganska dåligt förslag"
"q10d_2","[Inför en särskild skatt på företag som ger snabblån.] Privatekonomi och sparande","integer","3","Varken bra eller dåligt förslag"
"q10d_2","[Inför en särskild skatt på företag som ger snabblån.] Privatekonomi och sparande","integer","4","Ganska bra förslag"
"q10d_2","[Inför en särskild skatt på företag som ger snabblån.] Privatekonomi och sparande","integer","5","Mycket bra förslag"
"q10d_2","[Inför en särskild skatt på företag som ger snabblån.] Privatekonomi och sparande","integer","999","Ingen uppfattning"
"q10d_3","[Inför obligatoriska varningstexter i samband med marknadsföring av snabblån.] Privatekonomi och sparande","integer","1","Mycket dåligt förslag"
"q10d_3","[Inför obligatoriska varningstexter i samband med marknadsföring av snabblån.] Privatekonomi och sparande","integer","2","Ganska dåligt förslag"
"q10d_3","[Inför obligatoriska varningstexter i samband med marknadsföring av snabblån.] Privatekonomi och sparande","integer","3","Varken bra eller dåligt förslag"
"q10d_3","[Inför obligatoriska varningstexter i samband med marknadsföring av snabblån.] Privatekonomi och sparande","integer","4","Ganska bra förslag"
"q10d_3","[Inför obligatoriska varningstexter i samband med marknadsföring av snabblån.] Privatekonomi och sparande","integer","5","Mycket bra förslag"
"q10d_3","[Inför obligatoriska varningstexter i samband med marknadsföring av snabblån.] Privatekonomi och sparande","integer","999","Ingen uppfattning"
"q11_1","[Internationellt bistånd] Tycker du att svenska staten bör minska eller öka utgifterna på följande områden?","integer","1","Öka utgifterna mycket"
"q11_1","[Internationellt bistånd] Tycker du att svenska staten bör minska eller öka utgifterna på följande områden?","integer","2","Öka utgifterna något"
"q11_1","[Internationellt bistånd] Tycker du att svenska staten bör minska eller öka utgifterna på följande områden?","integer","3","Utgifterna bör varken minska eller öka"
"q11_1","[Internationellt bistånd] Tycker du att svenska staten bör minska eller öka utgifterna på följande områden?","integer","4","Minska utgifterna något"
"q11_1","[Internationellt bistånd] Tycker du att svenska staten bör minska eller öka utgifterna på följande områden?","integer","5","Minska utgifterna mycket"
"q11_1","[Internationellt bistånd] Tycker du att svenska staten bör minska eller öka utgifterna på följande områden?","integer","999","Ingen uppfattning"
"q11_2","[Försvar och samhällets krisberedskap] Tycker du att svenska staten bör minska eller öka utgifterna på följande områden?","integer","1","Öka utgifterna mycket"
"q11_2","[Försvar och samhällets krisberedskap] Tycker du att svenska staten bör minska eller öka utgifterna på följande områden?","integer","2","Öka utgifterna något"
"q11_2","[Försvar och samhällets krisberedskap] Tycker du att svenska staten bör minska eller öka utgifterna på följande områden?","integer","3","Utgifterna bör varken minska eller öka"
"q11_2","[Försvar och samhällets krisberedskap] Tycker du att svenska staten bör minska eller öka utgifterna på följande områden?","integer","4","Minska utgifterna något"
"q11_2","[Försvar och samhällets krisberedskap] Tycker du att svenska staten bör minska eller öka utgifterna på följande områden?","integer","5","Minska utgifterna mycket"
"q11_2","[Försvar och samhällets krisberedskap] Tycker du att svenska staten bör minska eller öka utgifterna på följande områden?","integer","999","Ingen uppfattning"
"q11_3","[Hälsovård, sjukvård och social omsorg] Tycker du att svenska staten bör minska eller öka utgifterna på följande områden?","integer","1","Öka utgifterna mycket"
"q11_3","[Hälsovård, sjukvård och social omsorg] Tycker du att svenska staten bör minska eller öka utgifterna på följande områden?","integer","2","Öka utgifterna något"
"q11_3","[Hälsovård, sjukvård och social omsorg] Tycker du att svenska staten bör minska eller öka utgifterna på följande områden?","integer","3","Utgifterna bör varken minska eller öka"
"q11_3","[Hälsovård, sjukvård och social omsorg] Tycker du att svenska staten bör minska eller öka utgifterna på följande områden?","integer","4","Minska utgifterna något"
"q11_3","[Hälsovård, sjukvård och social omsorg] Tycker du att svenska staten bör minska eller öka utgifterna på följande områden?","integer","5","Minska utgifterna mycket"
"q11_3","[Hälsovård, sjukvård och social omsorg] Tycker du att svenska staten bör minska eller öka utgifterna på följande områden?","integer","999","Ingen uppfattning"
"q11_4","[Allmän miljö- och naturvård] Tycker du att svenska staten bör minska eller öka utgifterna på följande områden?","integer","1","Öka utgifterna mycket"
"q11_4","[Allmän miljö- och naturvård] Tycker du att svenska staten bör minska eller öka utgifterna på följande områden?","integer","2","Öka utgifterna något"
"q11_4","[Allmän miljö- och naturvård] Tycker du att svenska staten bör minska eller öka utgifterna på följande områden?","integer","3","Utgifterna bör varken minska eller öka"
"q11_4","[Allmän miljö- och naturvård] Tycker du att svenska staten bör minska eller öka utgifterna på följande områden?","integer","4","Minska utgifterna något"
"q11_4","[Allmän miljö- och naturvård] Tycker du att svenska staten bör minska eller öka utgifterna på följande områden?","integer","5","Minska utgifterna mycket"
"q11_4","[Allmän miljö- och naturvård] Tycker du att svenska staten bör minska eller öka utgifterna på följande områden?","integer","999","Ingen uppfattning"
"q13","Röstade du i riksdagsvalet 2022?","integer","1","Ja"
"q13","Röstade du i riksdagsvalet 2022?","integer","2","Nej"
"q13","Röstade du i riksdagsvalet 2022?","integer","3","Kommer inte ihåg"
"q13","Röstade du i riksdagsvalet 2022?","integer","4","Ej röstberättigad 2022"
"q13b","Vilket parti röstade du på i riksdagsvalet 2022?","integer","1","Vänsterpartiet (V)"
"q13b","Vilket parti röstade du på i riksdagsvalet 2022?","integer","2","Socialdemokraterna (s)"
"q13b","Vilket parti röstade du på i riksdagsvalet 2022?","integer","3","Centerpartiet (C)"
"q13b","Vilket parti röstade du på i riksdagsvalet 2022?","integer","4","Liberalerna (L)"
"q13b","Vilket parti röstade du på i riksdagsvalet 2022?","integer","5","Moderaterna (M)"
"q13b","Vilket parti röstade du på i riksdagsvalet 2022?","integer","6","Kristdemokratema (KD)"
"q13b","Vilket parti röstade du på i riksdagsvalet 2022?","integer","7","Miljöpartiet (MP)"
"q13b","Vilket parti röstade du på i riksdagsvalet 2022?","integer","8","Sverigedemokratema (SD)"
"q13b","Vilket parti röstade du på i riksdagsvalet 2022?","integer","9","Röstade blankt"
"q13b","Vilket parti röstade du på i riksdagsvalet 2022?","integer","10","Kommer inte ihåg"
"q13b","Vilket parti röstade du på i riksdagsvalet 2022?","integer","888","Vill inte svara"
"q13b","Vilket parti röstade du på i riksdagsvalet 2022?","integer","889","Annat"
"q13b_other_text","[Annat] Vilket parti röstade du på i riksdagsvalet 2022?","string",""
"q14_1","[Skrivit under en namninsamling] Det finns olika sätt att engagera sig politiskt. Har du själv gjort något av följande saker månaden innan du bjöds in till denna enkät, dvs 10 maj – 10 juni?","integer","1","Ja, flera gånger"
"q14_1","[Skrivit under en namninsamling] Det finns olika sätt att engagera sig politiskt. Har du själv gjort något av följande saker månaden innan du bjöds in till denna enkät, dvs 10 maj – 10 juni?","integer","2","Ja, någon gång"
"q14_1","[Skrivit under en namninsamling] Det finns olika sätt att engagera sig politiskt. Har du själv gjort något av följande saker månaden innan du bjöds in till denna enkät, dvs 10 maj – 10 juni?","integer","3","Nej"
"q14_2","[Kontaktat en politiker] Det finns olika sätt att engagera sig politiskt. Har du själv gjort något av följande saker månaden innan du bjöds in till denna enkät, dvs 10 maj – 10 juni?","integer","1","Ja, flera gånger"
"q14_2","[Kontaktat en politiker] Det finns olika sätt att engagera sig politiskt. Har du själv gjort något av följande saker månaden innan du bjöds in till denna enkät, dvs 10 maj – 10 juni?","integer","2","Ja, någon gång"
"q14_2","[Kontaktat en politiker] Det finns olika sätt att engagera sig politiskt. Har du själv gjort något av följande saker månaden innan du bjöds in till denna enkät, dvs 10 maj – 10 juni?","integer","3","Nej"
"q14_3","[Deltagit i en demonstration] Det finns olika sätt att engagera sig politiskt. Har du själv gjort något av följande saker månaden innan du bjöds in till denna enkät, dvs 10 maj – 10 juni?","integer","1","Ja, flera gånger"
"q14_3","[Deltagit i en demonstration] Det finns olika sätt att engagera sig politiskt. Har du själv gjort något av följande saker månaden innan du bjöds in till denna enkät, dvs 10 maj – 10 juni?","integer","2","Ja, någon gång"
"q14_3","[Deltagit i en demonstration] Det finns olika sätt att engagera sig politiskt. Har du själv gjort något av följande saker månaden innan du bjöds in till denna enkät, dvs 10 maj – 10 juni?","integer","3","Nej"
"q14_4","[Diskuterat politik i forum på internet] Det finns olika sätt att engagera sig politiskt. Har du själv gjort något av följande saker månaden innan du bjöds in till denna enkät, dvs 10 maj – 10 juni?","integer","1","Ja, flera gånger"
"q14_4","[Diskuterat politik i forum på internet] Det finns olika sätt att engagera sig politiskt. Har du själv gjort något av följande saker månaden innan du bjöds in till denna enkät, dvs 10 maj – 10 juni?","integer","2","Ja, någon gång"
"q14_4","[Diskuterat politik i forum på internet] Det finns olika sätt att engagera sig politiskt. Har du själv gjort något av följande saker månaden innan du bjöds in till denna enkät, dvs 10 maj – 10 juni?","integer","3","Nej"
"q14_5","[Skrivit insändare till en tidning] Det finns olika sätt att engagera sig politiskt. Har du själv gjort något av följande saker månaden innan du bjöds in till denna enkät, dvs 10 maj – 10 juni?","integer","1","Ja, flera gånger"
"q14_5","[Skrivit insändare till en tidning] Det finns olika sätt att engagera sig politiskt. Har du själv gjort något av följande saker månaden innan du bjöds in till denna enkät, dvs 10 maj – 10 juni?","integer","2","Ja, någon gång"
"q14_5","[Skrivit insändare till en tidning] Det finns olika sätt att engagera sig politiskt. Har du själv gjort något av följande saker månaden innan du bjöds in till denna enkät, dvs 10 maj – 10 juni?","integer","3","Nej"
"q14a_1","[Miljö och klimat] Vilken eller vilka politiska frågor gällde namninsamlingen?","integer","0","Inte vald"
"q14a_1","[Miljö och klimat] Vilken eller vilka politiska frågor gällde namninsamlingen?","integer","1","Ja"
"q14a_2","[Sociala frågor och välfärd] Vilken eller vilka politiska frågor gällde namninsamlingen?","integer","0","Inte vald"
"q14a_2","[Sociala frågor och välfärd] Vilken eller vilka politiska frågor gällde namninsamlingen?","integer","1","Ja"
"q14a_3","[Ekonomi och sysselsättning] Vilken eller vilka politiska frågor gällde namninsamlingen?","integer","0","Inte vald"
"q14a_3","[Ekonomi och sysselsättning] Vilken eller vilka politiska frågor gällde namninsamlingen?","integer","1","Ja"
"q14a_4","[Säkerhet, försvar och internationella konflikter] Vilken eller vilka politiska frågor gällde namninsamlingen?","integer","0","Inte vald"
"q14a_4","[Säkerhet, försvar och internationella konflikter] Vilken eller vilka politiska frågor gällde namninsamlingen?","integer","1","Ja"
"q14a_5","[Migration och integration] Vilken eller vilka politiska frågor gällde namninsamlingen?","integer","0","Inte vald"
"q14a_5","[Migration och integration] Vilken eller vilka politiska frågor gällde namninsamlingen?","integer","1","Ja"
"q14a_6","[Demokrati och rättigheter] Vilken eller vilka politiska frågor gällde namninsamlingen?","integer","0","Inte vald"
"q14a_6","[Demokrati och rättigheter] Vilken eller vilka politiska frågor gällde namninsamlingen?","integer","1","Ja"
"q14a_other","[Annat] Vilken eller vilka politiska frågor gällde namninsamlingen?","integer","0","Inte vald"
"q14a_other","[Annat] Vilken eller vilka politiska frågor gällde namninsamlingen?","integer","1","Ja"
"q14a_other_text","[Annat] Vilken eller vilka politiska frågor gällde namninsamlingen?","string",""
"q14b_1","[Miljö och klimat] Vilken eller vilka politiska frågor gällde din kontakt med politiker?","integer","0","Inte vald"
"q14b_1","[Miljö och klimat] Vilken eller vilka politiska frågor gällde din kontakt med politiker?","integer","1","Ja"
"q14b_2","[Sociala frågor och välfärd] Vilken eller vilka politiska frågor gällde din kontakt med politiker?","integer","0","Inte vald"
"q14b_2","[Sociala frågor och välfärd] Vilken eller vilka politiska frågor gällde din kontakt med politiker?","integer","1","Ja"
"q14b_3","[Ekonomi och sysselsättning] Vilken eller vilka politiska frågor gällde din kontakt med politiker?","integer","0","Inte vald"
"q14b_3","[Ekonomi och sysselsättning] Vilken eller vilka politiska frågor gällde din kontakt med politiker?","integer","1","Ja"
"q14b_4","[Säkerhet, försvar och internationella konflikter] Vilken eller vilka politiska frågor gällde din kontakt med politiker?","integer","0","Inte vald"
"q14b_4","[Säkerhet, försvar och internationella konflikter] Vilken eller vilka politiska frågor gällde din kontakt med politiker?","integer","1","Ja"
"q14b_5","[Migration och integration] Vilken eller vilka politiska frågor gällde din kontakt med politiker?","integer","0","Inte vald"
"q14b_5","[Migration och integration] Vilken eller vilka politiska frågor gällde din kontakt med politiker?","integer","1","Ja"
"q14b_6","[Demokrati och rättigheter] Vilken eller vilka politiska frågor gällde din kontakt med politiker?","integer","0","Inte vald"
"q14b_6","[Demokrati och rättigheter] Vilken eller vilka politiska frågor gällde din kontakt med politiker?","integer","1","Ja"
"q14b_other","[Annat] Vilken eller vilka politiska frågor gällde din kontakt med politiker?","integer","0","Inte vald"
"q14b_other","[Annat] Vilken eller vilka politiska frågor gällde din kontakt med politiker?","integer","1","Ja"
"q14b_other_text","[Annat] Vilken eller vilka politiska frågor gällde din kontakt med politiker?","string",""
"q14c_1","[Miljö och klimat] Berätta gärna mer om demonstrationen. Vilken eller vilka politiska frågor gällde det?","integer","0","Inte vald"
"q14c_1","[Miljö och klimat] Berätta gärna mer om demonstrationen. Vilken eller vilka politiska frågor gällde det?","integer","1","Ja"
"q14c_2","[Sociala frågor och välfärd] Berätta gärna mer om demonstrationen. Vilken eller vilka politiska frågor gällde det?","integer","0","Inte vald"
"q14c_2","[Sociala frågor och välfärd] Berätta gärna mer om demonstrationen. Vilken eller vilka politiska frågor gällde det?","integer","1","Ja"
"q14c_3","[Ekonomi och sysselsättning] Berätta gärna mer om demonstrationen. Vilken eller vilka politiska frågor gällde det?","integer","0","Inte vald"
"q14c_3","[Ekonomi och sysselsättning] Berätta gärna mer om demonstrationen. Vilken eller vilka politiska frågor gällde det?","integer","1","Ja"
"q14c_4","[Säkerhet, försvar och internationella konflikter] Berätta gärna mer om demonstrationen. Vilken eller vilka politiska frågor gällde det?","integer","0","Inte vald"
"q14c_4","[Säkerhet, försvar och internationella konflikter] Berätta gärna mer om demonstrationen. Vilken eller vilka politiska frågor gällde det?","integer","1","Ja"
"q14c_5","[Migration och integration] Berätta gärna mer om demonstrationen. Vilken eller vilka politiska frågor gällde det?","integer","0","Inte vald"
"q14c_5","[Migration och integration] Berätta gärna mer om demonstrationen. Vilken eller vilka politiska frågor gällde det?","integer","1","Ja"
"q14c_6","[Demokrati och rättigheter] Berätta gärna mer om demonstrationen. Vilken eller vilka politiska frågor gällde det?","integer","0","Inte vald"
"q14c_6","[Demokrati och rättigheter] Berätta gärna mer om demonstrationen. Vilken eller vilka politiska frågor gällde det?","integer","1","Ja"
"q14c_other","[Annat] Berätta gärna mer om demonstrationen. Vilken eller vilka politiska frågor gällde det?","integer","0","Inte vald"
"q14c_other","[Annat] Berätta gärna mer om demonstrationen. Vilken eller vilka politiska frågor gällde det?","integer","1","Ja"
"q14c_other_text","[Annat] Berätta gärna mer om demonstrationen. Vilken eller vilka politiska frågor gällde det?","string",""
"q14c1","När och var ägde demonstrationen rum?","string",""
"q14c2","Ungefär hur många personer deltog tror du?","string",""
"q14d_1","[Miljö och klimat] Vilken eller vilka politiska frågor diskuterade du på internet?","integer","0","Inte vald"
"q14d_1","[Miljö och klimat] Vilken eller vilka politiska frågor diskuterade du på internet?","integer","1","Ja"
"q14d_2","[Sociala frågor och välfärd] Vilken eller vilka politiska frågor diskuterade du på internet?","integer","0","Inte vald"
"q14d_2","[Sociala frågor och välfärd] Vilken eller vilka politiska frågor diskuterade du på internet?","integer","1","Ja"
"q14d_3","[Ekonomi och sysselsättning] Vilken eller vilka politiska frågor diskuterade du på internet?","integer","0","Inte vald"
"q14d_3","[Ekonomi och sysselsättning] Vilken eller vilka politiska frågor diskuterade du på internet?","integer","1","Ja"
"q14d_4","[Säkerhet, försvar och internationella konflikter] Vilken eller vilka politiska frågor diskuterade du på internet?","integer","0","Inte vald"
"q14d_4","[Säkerhet, försvar och internationella konflikter] Vilken eller vilka politiska frågor diskuterade du på internet?","integer","1","Ja"
"q14d_5","[Migration och integration] Vilken eller vilka politiska frågor diskuterade du på internet?","integer","0","Inte vald"
"q14d_5","[Migration och integration] Vilken eller vilka politiska frågor diskuterade du på internet?","integer","1","Ja"
"q14d_6","[Demokrati och rättigheter] Vilken eller vilka politiska frågor diskuterade du på internet?","integer","0","Inte vald"
"q14d_6","[Demokrati och rättigheter] Vilken eller vilka politiska frågor diskuterade du på internet?","integer","1","Ja"
"q14d_other","[Annat] Vilken eller vilka politiska frågor diskuterade du på internet?","integer","0","Inte vald"
"q14d_other","[Annat] Vilken eller vilka politiska frågor diskuterade du på internet?","integer","1","Ja"
"q14d_other_text","[Annat] Vilken eller vilka politiska frågor diskuterade du på internet?","string",""
"q14e_1","[Miljö och klimat] Vilken eller vilka politiska frågor handlade din insändare om?","integer","0","Inte vald"
"q14e_1","[Miljö och klimat] Vilken eller vilka politiska frågor handlade din insändare om?","integer","1","Ja"
"q14e_2","[Sociala frågor och välfärd] Vilken eller vilka politiska frågor handlade din insändare om?","integer","0","Inte vald"
"q14e_2","[Sociala frågor och välfärd] Vilken eller vilka politiska frågor handlade din insändare om?","integer","1","Ja"
"q14e_3","[Ekonomi och sysselsättning] Vilken eller vilka politiska frågor handlade din insändare om?","integer","0","Inte vald"
"q14e_3","[Ekonomi och sysselsättning] Vilken eller vilka politiska frågor handlade din insändare om?","integer","1","Ja"
"q14e_4","[Säkerhet, försvar och internationella konflikter] Vilken eller vilka politiska frågor handlade din insändare om?","integer","0","Inte vald"
"q14e_4","[Säkerhet, försvar och internationella konflikter] Vilken eller vilka politiska frågor handlade din insändare om?","integer","1","Ja"
"q14e_5","[Migration och integration] Vilken eller vilka politiska frågor handlade din insändare om?","integer","0","Inte vald"
"q14e_5","[Migration och integration] Vilken eller vilka politiska frågor handlade din insändare om?","integer","1","Ja"
"q14e_6","[Demokrati och rättigheter] Vilken eller vilka politiska frågor handlade din insändare om?","integer","0","Inte vald"
"q14e_6","[Demokrati och rättigheter] Vilken eller vilka politiska frågor handlade din insändare om?","integer","1","Ja"
"q14e_other","[Annat] Vilken eller vilka politiska frågor handlade din insändare om?","integer","0","Inte vald"
"q14e_other","[Annat] Vilken eller vilka politiska frågor handlade din insändare om?","integer","1","Ja"
"q14e_other_text","[Annat] Vilken eller vilka politiska frågor handlade din insändare om?","string",""
"q15_1","Allmänt sett, hur stort förtroende har du för svenska politiker?","integer","1","Mycket litet förtroende"
"q15_1","Allmänt sett, hur stort förtroende har du för svenska politiker?","integer","2","Ganska litet förtroende"
"q15_1","Allmänt sett, hur stort förtroende har du för svenska politiker?","integer","3","Ganska stort förtroende"
"q15_1","Allmänt sett, hur stort förtroende har du för svenska politiker?","integer","4","Mycket stort förtroende"
"q16_1","Hur intresserad är du i allmänhet av politik?","integer","1","Inte alls intresserad"
"q16_1","Hur intresserad är du i allmänhet av politik?","integer","2","Inte särskilt intresserad"
"q16_1","Hur intresserad är du i allmänhet av politik?","integer","3","Ganska intresserad"
"q16_1","Hur intresserad är du i allmänhet av politik?","integer","4","Mycket intresserad"
"q17","Om du skulle gissa, vad tror du forskarna bakom denna enkät från Valforskningsprogrammet specifikt är intresserade av?","string",""
"beloning","Har du blivit erbjuden en belöning för att fylla i denna enkät?","integer","1","Ja"
"beloning","Har du blivit erbjuden en belöning för att fylla i denna enkät?","integer","2","Nej"
"swish_1","[Ditt telefonnummer:] Ange dina swishuppgifter:","integer",""
"swish_2","[Ditt personnummer:] Ange dina swishuppgifter:","integer",""
