"Name","Label","Type","Value","Value label"
"ef_id","token","string",""
"treatment","treatment","string",""
"response_type","response_type","integer.2","0","Fullständigt"
"response_type","response_type","integer.2","1","Partiellt"
"submitdate","submitdate","date",""
"startdate","startdate","date",""
"q9_1","[Att minska användningen av tobak] I den politiska debatten diskuteras ibland vem som har huvudansvaret för att uppnå vissa samhälleliga mål eller minimera skadeverkningarna från olika aktiviteter; individen eller samhället i stort?   Vi ber dig nu","integer","1","Huvudsakligen individens ansvar"
"q9_1","[Att minska användningen av tobak] I den politiska debatten diskuteras ibland vem som har huvudansvaret för att uppnå vissa samhälleliga mål eller minimera skadeverkningarna från olika aktiviteter; individen eller samhället i stort?   Vi ber dig nu","integer","2","Mer individens ansvar"
"q9_1","[Att minska användningen av tobak] I den politiska debatten diskuteras ibland vem som har huvudansvaret för att uppnå vissa samhälleliga mål eller minimera skadeverkningarna från olika aktiviteter; individen eller samhället i stort?   Vi ber dig nu","integer","3","Lika mycket individens och samhällets ansvar"
"q9_1","[Att minska användningen av tobak] I den politiska debatten diskuteras ibland vem som har huvudansvaret för att uppnå vissa samhälleliga mål eller minimera skadeverkningarna från olika aktiviteter; individen eller samhället i stort?   Vi ber dig nu","integer","4","Mer samhällets ansvar"
"q9_1","[Att minska användningen av tobak] I den politiska debatten diskuteras ibland vem som har huvudansvaret för att uppnå vissa samhälleliga mål eller minimera skadeverkningarna från olika aktiviteter; individen eller samhället i stort?   Vi ber dig nu","integer","5","Huvudsakligen samhällets ansvar"
"q9_2","[Att minska konsumtionen av alkohol] I den politiska debatten diskuteras ibland vem som har huvudansvaret för att uppnå vissa samhälleliga mål eller minimera skadeverkningarna från olika aktiviteter; individen eller samhället i stort?   Vi ber dig n","integer","1","Huvudsakligen individens ansvar"
"q9_2","[Att minska konsumtionen av alkohol] I den politiska debatten diskuteras ibland vem som har huvudansvaret för att uppnå vissa samhälleliga mål eller minimera skadeverkningarna från olika aktiviteter; individen eller samhället i stort?   Vi ber dig n","integer","2","Mer individens ansvar"
"q9_2","[Att minska konsumtionen av alkohol] I den politiska debatten diskuteras ibland vem som har huvudansvaret för att uppnå vissa samhälleliga mål eller minimera skadeverkningarna från olika aktiviteter; individen eller samhället i stort?   Vi ber dig n","integer","3","Lika mycket individens och samhällets ansvar"
"q9_2","[Att minska konsumtionen av alkohol] I den politiska debatten diskuteras ibland vem som har huvudansvaret för att uppnå vissa samhälleliga mål eller minimera skadeverkningarna från olika aktiviteter; individen eller samhället i stort?   Vi ber dig n","integer","4","Mer samhällets ansvar"
"q9_2","[Att minska konsumtionen av alkohol] I den politiska debatten diskuteras ibland vem som har huvudansvaret för att uppnå vissa samhälleliga mål eller minimera skadeverkningarna från olika aktiviteter; individen eller samhället i stort?   Vi ber dig n","integer","5","Huvudsakligen samhällets ansvar"
"q9_3","[Att minska konsumtionens klimatpåverkan] I den politiska debatten diskuteras ibland vem som har huvudansvaret för att uppnå vissa samhälleliga mål eller minimera skadeverkningarna från olika aktiviteter; individen eller samhället i stort?   Vi ber","integer","1","Huvudsakligen individens ansvar"
"q9_3","[Att minska konsumtionens klimatpåverkan] I den politiska debatten diskuteras ibland vem som har huvudansvaret för att uppnå vissa samhälleliga mål eller minimera skadeverkningarna från olika aktiviteter; individen eller samhället i stort?   Vi ber","integer","2","Mer individens ansvar"
"q9_3","[Att minska konsumtionens klimatpåverkan] I den politiska debatten diskuteras ibland vem som har huvudansvaret för att uppnå vissa samhälleliga mål eller minimera skadeverkningarna från olika aktiviteter; individen eller samhället i stort?   Vi ber","integer","3","Lika mycket individens och samhällets ansvar"
"q9_3","[Att minska konsumtionens klimatpåverkan] I den politiska debatten diskuteras ibland vem som har huvudansvaret för att uppnå vissa samhälleliga mål eller minimera skadeverkningarna från olika aktiviteter; individen eller samhället i stort?   Vi ber","integer","4","Mer samhällets ansvar"
"q9_3","[Att minska konsumtionens klimatpåverkan] I den politiska debatten diskuteras ibland vem som har huvudansvaret för att uppnå vissa samhälleliga mål eller minimera skadeverkningarna från olika aktiviteter; individen eller samhället i stort?   Vi ber","integer","5","Huvudsakligen samhällets ansvar"
"q9_4","[Att öka människors pensionssparande] I den politiska debatten diskuteras ibland vem som har huvudansvaret för att uppnå vissa samhälleliga mål eller minimera skadeverkningarna från olika aktiviteter; individen eller samhället i stort?   Vi ber di","integer","1","Huvudsakligen individens ansvar"
"q9_4","[Att öka människors pensionssparande] I den politiska debatten diskuteras ibland vem som har huvudansvaret för att uppnå vissa samhälleliga mål eller minimera skadeverkningarna från olika aktiviteter; individen eller samhället i stort?   Vi ber di","integer","2","Mer individens ansvar"
"q9_4","[Att öka människors pensionssparande] I den politiska debatten diskuteras ibland vem som har huvudansvaret för att uppnå vissa samhälleliga mål eller minimera skadeverkningarna från olika aktiviteter; individen eller samhället i stort?   Vi ber di","integer","3","Lika mycket individens och samhällets ansvar"
"q9_4","[Att öka människors pensionssparande] I den politiska debatten diskuteras ibland vem som har huvudansvaret för att uppnå vissa samhälleliga mål eller minimera skadeverkningarna från olika aktiviteter; individen eller samhället i stort?   Vi ber di","integer","4","Mer samhällets ansvar"
"q9_4","[Att öka människors pensionssparande] I den politiska debatten diskuteras ibland vem som har huvudansvaret för att uppnå vissa samhälleliga mål eller minimera skadeverkningarna från olika aktiviteter; individen eller samhället i stort?   Vi ber di","integer","5","Huvudsakligen samhällets ansvar"
"q9_5","[Att minska konsumtionen av socker] I den politiska debatten diskuteras ibland vem som har huvudansvaret för att uppnå vissa samhälleliga mål eller minimera skadeverkningarna från olika aktiviteter; individen eller samhället i stort?   Vi ber dig nu","integer","1","Huvudsakligen individens ansvar"
"q9_5","[Att minska konsumtionen av socker] I den politiska debatten diskuteras ibland vem som har huvudansvaret för att uppnå vissa samhälleliga mål eller minimera skadeverkningarna från olika aktiviteter; individen eller samhället i stort?   Vi ber dig nu","integer","2","Mer individens ansvar"
"q9_5","[Att minska konsumtionen av socker] I den politiska debatten diskuteras ibland vem som har huvudansvaret för att uppnå vissa samhälleliga mål eller minimera skadeverkningarna från olika aktiviteter; individen eller samhället i stort?   Vi ber dig nu","integer","3","Lika mycket individens och samhällets ansvar"
"q9_5","[Att minska konsumtionen av socker] I den politiska debatten diskuteras ibland vem som har huvudansvaret för att uppnå vissa samhälleliga mål eller minimera skadeverkningarna från olika aktiviteter; individen eller samhället i stort?   Vi ber dig nu","integer","4","Mer samhällets ansvar"
"q9_5","[Att minska konsumtionen av socker] I den politiska debatten diskuteras ibland vem som har huvudansvaret för att uppnå vissa samhälleliga mål eller minimera skadeverkningarna från olika aktiviteter; individen eller samhället i stort?   Vi ber dig nu","integer","5","Huvudsakligen samhällets ansvar"
"q9_6","[Att minska människors överbelåning] I den politiska debatten diskuteras ibland vem som har huvudansvaret för att uppnå vissa samhälleliga mål eller minimera skadeverkningarna från olika aktiviteter; individen eller samhället i stort?   Vi ber di","integer","1","Huvudsakligen individens ansvar"
"q9_6","[Att minska människors överbelåning] I den politiska debatten diskuteras ibland vem som har huvudansvaret för att uppnå vissa samhälleliga mål eller minimera skadeverkningarna från olika aktiviteter; individen eller samhället i stort?   Vi ber di","integer","2","Mer individens ansvar"
"q9_6","[Att minska människors överbelåning] I den politiska debatten diskuteras ibland vem som har huvudansvaret för att uppnå vissa samhälleliga mål eller minimera skadeverkningarna från olika aktiviteter; individen eller samhället i stort?   Vi ber di","integer","3","Lika mycket individens och samhällets ansvar"
"q9_6","[Att minska människors överbelåning] I den politiska debatten diskuteras ibland vem som har huvudansvaret för att uppnå vissa samhälleliga mål eller minimera skadeverkningarna från olika aktiviteter; individen eller samhället i stort?   Vi ber di","integer","4","Mer samhällets ansvar"
"q9_6","[Att minska människors överbelåning] I den politiska debatten diskuteras ibland vem som har huvudansvaret för att uppnå vissa samhälleliga mål eller minimera skadeverkningarna från olika aktiviteter; individen eller samhället i stort?   Vi ber di","integer","5","Huvudsakligen samhällets ansvar"
"q10a_1","[Inför ett fossilförbud från 2030 som förbjuder användning av fossila bränslen i industrin och all försäljning av fossila drivmedel.] Motverka klimatförändringarna","integer","1","Mycket dåligt förslag"
"q10a_1","[Inför ett fossilförbud från 2030 som förbjuder användning av fossila bränslen i industrin och all försäljning av fossila drivmedel.] Motverka klimatförändringarna","integer","2","Ganska dåligt förslag"
"q10a_1","[Inför ett fossilförbud från 2030 som förbjuder användning av fossila bränslen i industrin och all försäljning av fossila drivmedel.] Motverka klimatförändringarna","integer","3","Varken bra eller dåligt förslag"
"q10a_1","[Inför ett fossilförbud från 2030 som förbjuder användning av fossila bränslen i industrin och all försäljning av fossila drivmedel.] Motverka klimatförändringarna","integer","4","Ganska bra förslag"
"q10a_1","[Inför ett fossilförbud från 2030 som förbjuder användning av fossila bränslen i industrin och all försäljning av fossila drivmedel.] Motverka klimatförändringarna","integer","5","Mycket bra förslag"
"q10a_1","[Inför ett fossilförbud från 2030 som förbjuder användning av fossila bränslen i industrin och all försäljning av fossila drivmedel.] Motverka klimatförändringarna","integer","999","Ingen uppfattning"
"q10a_2","[Höj koldioxidskatten för att minska utsläppen, med en förväntad ökning av utgifter för hushåll och företag i förhållande till hur mycket koldioxid de släpper ut.] Motverka klimatförändringarna","integer","1","Mycket dåligt förslag"
"q10a_2","[Höj koldioxidskatten för att minska utsläppen, med en förväntad ökning av utgifter för hushåll och företag i förhållande till hur mycket koldioxid de släpper ut.] Motverka klimatförändringarna","integer","2","Ganska dåligt förslag"
"q10a_2","[Höj koldioxidskatten för att minska utsläppen, med en förväntad ökning av utgifter för hushåll och företag i förhållande till hur mycket koldioxid de släpper ut.] Motverka klimatförändringarna","integer","3","Varken bra eller dåligt förslag"
"q10a_2","[Höj koldioxidskatten för att minska utsläppen, med en förväntad ökning av utgifter för hushåll och företag i förhållande till hur mycket koldioxid de släpper ut.] Motverka klimatförändringarna","integer","4","Ganska bra förslag"
"q10a_2","[Höj koldioxidskatten för att minska utsläppen, med en förväntad ökning av utgifter för hushåll och företag i förhållande till hur mycket koldioxid de släpper ut.] Motverka klimatförändringarna","integer","5","Mycket bra förslag"
"q10a_2","[Höj koldioxidskatten för att minska utsläppen, med en förväntad ökning av utgifter för hushåll och företag i förhållande till hur mycket koldioxid de släpper ut.] Motverka klimatförändringarna","integer","999","Ingen uppfattning"
"q10a_3","[Inför obligatorisk klimatmärkning av produkter, så att graden av klimatpåverkan från en produkt alltid är synlig för konsumenten.] Motverka klimatförändringarna","integer","1","Mycket dåligt förslag"
"q10a_3","[Inför obligatorisk klimatmärkning av produkter, så att graden av klimatpåverkan från en produkt alltid är synlig för konsumenten.] Motverka klimatförändringarna","integer","2","Ganska dåligt förslag"
"q10a_3","[Inför obligatorisk klimatmärkning av produkter, så att graden av klimatpåverkan från en produkt alltid är synlig för konsumenten.] Motverka klimatförändringarna","integer","3","Varken bra eller dåligt förslag"
"q10a_3","[Inför obligatorisk klimatmärkning av produkter, så att graden av klimatpåverkan från en produkt alltid är synlig för konsumenten.] Motverka klimatförändringarna","integer","4","Ganska bra förslag"
"q10a_3","[Inför obligatorisk klimatmärkning av produkter, så att graden av klimatpåverkan från en produkt alltid är synlig för konsumenten.] Motverka klimatförändringarna","integer","5","Mycket bra förslag"
"q10a_3","[Inför obligatorisk klimatmärkning av produkter, så att graden av klimatpåverkan från en produkt alltid är synlig för konsumenten.] Motverka klimatförändringarna","integer","999","Ingen uppfattning"
"q10a_4","[Höja koldioxidskatten på bensin] Motverka klimatförändringarna","integer","1","Mycket dåligt förslag"
"q10a_4","[Höja koldioxidskatten på bensin] Motverka klimatförändringarna","integer","2","Ganska dåligt förslag"
"q10a_4","[Höja koldioxidskatten på bensin] Motverka klimatförändringarna","integer","3","Varken bra eller dåligt förslag"
"q10a_4","[Höja koldioxidskatten på bensin] Motverka klimatförändringarna","integer","4","Ganska bra förslag"
"q10a_4","[Höja koldioxidskatten på bensin] Motverka klimatförändringarna","integer","5","Mycket bra förslag"
"q10a_4","[Höja koldioxidskatten på bensin] Motverka klimatförändringarna","integer","999","Ingen uppfattning"
"q10a_5","[Införa en klimatskatt i EU på flygresor] Motverka klimatförändringarna","integer","1","Mycket dåligt förslag"
"q10a_5","[Införa en klimatskatt i EU på flygresor] Motverka klimatförändringarna","integer","2","Ganska dåligt förslag"
"q10a_5","[Införa en klimatskatt i EU på flygresor] Motverka klimatförändringarna","integer","3","Varken bra eller dåligt förslag"
"q10a_5","[Införa en klimatskatt i EU på flygresor] Motverka klimatförändringarna","integer","4","Ganska bra förslag"
"q10a_5","[Införa en klimatskatt i EU på flygresor] Motverka klimatförändringarna","integer","5","Mycket bra förslag"
"q10a_5","[Införa en klimatskatt i EU på flygresor] Motverka klimatförändringarna","integer","999","Ingen uppfattning"
"q10a_6","[Höja koldioxidskatt på elproduktion] Motverka klimatförändringarna","integer","1","Mycket dåligt förslag"
"q10a_6","[Höja koldioxidskatt på elproduktion] Motverka klimatförändringarna","integer","2","Ganska dåligt förslag"
"q10a_6","[Höja koldioxidskatt på elproduktion] Motverka klimatförändringarna","integer","3","Varken bra eller dåligt förslag"
"q10a_6","[Höja koldioxidskatt på elproduktion] Motverka klimatförändringarna","integer","4","Ganska bra förslag"
"q10a_6","[Höja koldioxidskatt på elproduktion] Motverka klimatförändringarna","integer","5","Mycket bra förslag"
"q10a_6","[Höja koldioxidskatt på elproduktion] Motverka klimatförändringarna","integer","999","Ingen uppfattning"
"q10b_1","[Förbjud farliga kemikalier som anses skadliga för havsmiljön] Skydd av havsmiljön","integer","1","Mycket dåligt förslag"
"q10b_1","[Förbjud farliga kemikalier som anses skadliga för havsmiljön] Skydd av havsmiljön","integer","2","Ganska dåligt förslag"
"q10b_1","[Förbjud farliga kemikalier som anses skadliga för havsmiljön] Skydd av havsmiljön","integer","3","Varken bra eller dåligt förslag"
"q10b_1","[Förbjud farliga kemikalier som anses skadliga för havsmiljön] Skydd av havsmiljön","integer","4","Ganska bra förslag"
"q10b_1","[Förbjud farliga kemikalier som anses skadliga för havsmiljön] Skydd av havsmiljön","integer","5","Mycket bra förslag"
"q10b_1","[Förbjud farliga kemikalier som anses skadliga för havsmiljön] Skydd av havsmiljön","integer","999","Ingen uppfattning"
"q10b_2","[Inför en skatt på farliga kemikalier som anses skadliga för havsmiljön] Skydd av havsmiljön","integer","1","Mycket dåligt förslag"
"q10b_2","[Inför en skatt på farliga kemikalier som anses skadliga för havsmiljön] Skydd av havsmiljön","integer","2","Ganska dåligt förslag"
"q10b_2","[Inför en skatt på farliga kemikalier som anses skadliga för havsmiljön] Skydd av havsmiljön","integer","3","Varken bra eller dåligt förslag"
"q10b_2","[Inför en skatt på farliga kemikalier som anses skadliga för havsmiljön] Skydd av havsmiljön","integer","4","Ganska bra förslag"
"q10b_2","[Inför en skatt på farliga kemikalier som anses skadliga för havsmiljön] Skydd av havsmiljön","integer","5","Mycket bra förslag"
"q10b_2","[Inför en skatt på farliga kemikalier som anses skadliga för havsmiljön] Skydd av havsmiljön","integer","999","Ingen uppfattning"
"q10b_3","[Inför obligatorisk märkning av produkter som innehåller kemikalier som anses skadliga för havsmiljön] Skydd av havsmiljön","integer","1","Mycket dåligt förslag"
"q10b_3","[Inför obligatorisk märkning av produkter som innehåller kemikalier som anses skadliga för havsmiljön] Skydd av havsmiljön","integer","2","Ganska dåligt förslag"
"q10b_3","[Inför obligatorisk märkning av produkter som innehåller kemikalier som anses skadliga för havsmiljön] Skydd av havsmiljön","integer","3","Varken bra eller dåligt förslag"
"q10b_3","[Inför obligatorisk märkning av produkter som innehåller kemikalier som anses skadliga för havsmiljön] Skydd av havsmiljön","integer","4","Ganska bra förslag"
"q10b_3","[Inför obligatorisk märkning av produkter som innehåller kemikalier som anses skadliga för havsmiljön] Skydd av havsmiljön","integer","5","Mycket bra förslag"
"q10b_3","[Inför obligatorisk märkning av produkter som innehåller kemikalier som anses skadliga för havsmiljön] Skydd av havsmiljön","integer","999","Ingen uppfattning"
"q10c_1","[Förbjud viss försäljning av produkter med särskilt höga sockerhalter eller ohälsosamma fetter (t.ex. totalt förbud för barnmat med höga sockerhalter, eller förbud mot godisautomater i offentliga miljöer)] Mat och hälsa","integer","1","Mycket dåligt förslag"
"q10c_1","[Förbjud viss försäljning av produkter med särskilt höga sockerhalter eller ohälsosamma fetter (t.ex. totalt förbud för barnmat med höga sockerhalter, eller förbud mot godisautomater i offentliga miljöer)] Mat och hälsa","integer","2","Ganska dåligt förslag"
"q10c_1","[Förbjud viss försäljning av produkter med särskilt höga sockerhalter eller ohälsosamma fetter (t.ex. totalt förbud för barnmat med höga sockerhalter, eller förbud mot godisautomater i offentliga miljöer)] Mat och hälsa","integer","3","Varken bra eller dåligt förslag"
"q10c_1","[Förbjud viss försäljning av produkter med särskilt höga sockerhalter eller ohälsosamma fetter (t.ex. totalt förbud för barnmat med höga sockerhalter, eller förbud mot godisautomater i offentliga miljöer)] Mat och hälsa","integer","4","Ganska bra förslag"
"q10c_1","[Förbjud viss försäljning av produkter med särskilt höga sockerhalter eller ohälsosamma fetter (t.ex. totalt förbud för barnmat med höga sockerhalter, eller förbud mot godisautomater i offentliga miljöer)] Mat och hälsa","integer","5","Mycket bra förslag"
"q10c_1","[Förbjud viss försäljning av produkter med särskilt höga sockerhalter eller ohälsosamma fetter (t.ex. totalt förbud för barnmat med höga sockerhalter, eller förbud mot godisautomater i offentliga miljöer)] Mat och hälsa","integer","999","Ingen uppfattning"
"q10c_2","[Höj skatten på onyttig mat med hög sockerhalt och ohälsosamma fetter.] Mat och hälsa","integer","1","Mycket dåligt förslag"
"q10c_2","[Höj skatten på onyttig mat med hög sockerhalt och ohälsosamma fetter.] Mat och hälsa","integer","2","Ganska dåligt förslag"
"q10c_2","[Höj skatten på onyttig mat med hög sockerhalt och ohälsosamma fetter.] Mat och hälsa","integer","3","Varken bra eller dåligt förslag"
"q10c_2","[Höj skatten på onyttig mat med hög sockerhalt och ohälsosamma fetter.] Mat och hälsa","integer","4","Ganska bra förslag"
"q10c_2","[Höj skatten på onyttig mat med hög sockerhalt och ohälsosamma fetter.] Mat och hälsa","integer","5","Mycket bra förslag"
"q10c_2","[Höj skatten på onyttig mat med hög sockerhalt och ohälsosamma fetter.] Mat och hälsa","integer","999","Ingen uppfattning"
"q10c_3","[Inför obligatorisk märkning av mat efter hur nyttig den är] Mat och hälsa","integer","1","Mycket dåligt förslag"
"q10c_3","[Inför obligatorisk märkning av mat efter hur nyttig den är] Mat och hälsa","integer","2","Ganska dåligt förslag"
"q10c_3","[Inför obligatorisk märkning av mat efter hur nyttig den är] Mat och hälsa","integer","3","Varken bra eller dåligt förslag"
"q10c_3","[Inför obligatorisk märkning av mat efter hur nyttig den är] Mat och hälsa","integer","4","Ganska bra förslag"
"q10c_3","[Inför obligatorisk märkning av mat efter hur nyttig den är] Mat och hälsa","integer","5","Mycket bra förslag"
"q10c_3","[Inför obligatorisk märkning av mat efter hur nyttig den är] Mat och hälsa","integer","999","Ingen uppfattning"
"q10d_1","[Förbjud kreditlån med särskilt hög ränta (tex sms-lån eller snabblån med höga räntor)] Privatekonomi och sparande","integer","1","Mycket dåligt förslag"
"q10d_1","[Förbjud kreditlån med särskilt hög ränta (tex sms-lån eller snabblån med höga räntor)] Privatekonomi och sparande","integer","2","Ganska dåligt förslag"
"q10d_1","[Förbjud kreditlån med särskilt hög ränta (tex sms-lån eller snabblån med höga räntor)] Privatekonomi och sparande","integer","3","Varken bra eller dåligt förslag"
"q10d_1","[Förbjud kreditlån med särskilt hög ränta (tex sms-lån eller snabblån med höga räntor)] Privatekonomi och sparande","integer","4","Ganska bra förslag"
"q10d_1","[Förbjud kreditlån med särskilt hög ränta (tex sms-lån eller snabblån med höga räntor)] Privatekonomi och sparande","integer","5","Mycket bra förslag"
"q10d_1","[Förbjud kreditlån med särskilt hög ränta (tex sms-lån eller snabblån med höga räntor)] Privatekonomi och sparande","integer","999","Ingen uppfattning"
"q10d_2","[Inför en särskild skatt på företag som ger snabblån.] Privatekonomi och sparande","integer","1","Mycket dåligt förslag"
"q10d_2","[Inför en särskild skatt på företag som ger snabblån.] Privatekonomi och sparande","integer","2","Ganska dåligt förslag"
"q10d_2","[Inför en särskild skatt på företag som ger snabblån.] Privatekonomi och sparande","integer","3","Varken bra eller dåligt förslag"
"q10d_2","[Inför en särskild skatt på företag som ger snabblån.] Privatekonomi och sparande","integer","4","Ganska bra förslag"
"q10d_2","[Inför en särskild skatt på företag som ger snabblån.] Privatekonomi och sparande","integer","5","Mycket bra förslag"
"q10d_2","[Inför en särskild skatt på företag som ger snabblån.] Privatekonomi och sparande","integer","999","Ingen uppfattning"
"q10d_3","[Inför obligatoriska varningstexter i samband med marknadsföring av snabblån.] Privatekonomi och sparande","integer","1","Mycket dåligt förslag"
"q10d_3","[Inför obligatoriska varningstexter i samband med marknadsföring av snabblån.] Privatekonomi och sparande","integer","2","Ganska dåligt förslag"
"q10d_3","[Inför obligatoriska varningstexter i samband med marknadsföring av snabblån.] Privatekonomi och sparande","integer","3","Varken bra eller dåligt förslag"
"q10d_3","[Inför obligatoriska varningstexter i samband med marknadsföring av snabblån.] Privatekonomi och sparande","integer","4","Ganska bra förslag"
"q10d_3","[Inför obligatoriska varningstexter i samband med marknadsföring av snabblån.] Privatekonomi och sparande","integer","5","Mycket bra förslag"
"q10d_3","[Inför obligatoriska varningstexter i samband med marknadsföring av snabblån.] Privatekonomi och sparande","integer","999","Ingen uppfattning"
"q11_1","[Internationellt bistånd] Tycker du att svenska staten bör minska eller öka utgifterna på följande områden?","integer","1","Öka utgifterna mycket"
"q11_1","[Internationellt bistånd] Tycker du att svenska staten bör minska eller öka utgifterna på följande områden?","integer","2","Öka utgifterna något"
"q11_1","[Internationellt bistånd] Tycker du att svenska staten bör minska eller öka utgifterna på följande områden?","integer","3","Utgifterna bör varken minska eller öka"
"q11_1","[Internationellt bistånd] Tycker du att svenska staten bör minska eller öka utgifterna på följande områden?","integer","4","Minska utgifterna något"
"q11_1","[Internationellt bistånd] Tycker du att svenska staten bör minska eller öka utgifterna på följande områden?","integer","5","Minska utgifterna mycket"
"q11_1","[Internationellt bistånd] Tycker du att svenska staten bör minska eller öka utgifterna på följande områden?","integer","999","Ingen uppfattning"
"q11_2","[Försvar och samhällets krisberedskap] Tycker du att svenska staten bör minska eller öka utgifterna på följande områden?","integer","1","Öka utgifterna mycket"
"q11_2","[Försvar och samhällets krisberedskap] Tycker du att svenska staten bör minska eller öka utgifterna på följande områden?","integer","2","Öka utgifterna något"
"q11_2","[Försvar och samhällets krisberedskap] Tycker du att svenska staten bör minska eller öka utgifterna på följande områden?","integer","3","Utgifterna bör varken minska eller öka"
"q11_2","[Försvar och samhällets krisberedskap] Tycker du att svenska staten bör minska eller öka utgifterna på följande områden?","integer","4","Minska utgifterna något"
"q11_2","[Försvar och samhällets krisberedskap] Tycker du att svenska staten bör minska eller öka utgifterna på följande områden?","integer","5","Minska utgifterna mycket"
"q11_2","[Försvar och samhällets krisberedskap] Tycker du att svenska staten bör minska eller öka utgifterna på följande områden?","integer","999","Ingen uppfattning"
"q11_3","[Hälsovård, sjukvård och social omsorg] Tycker du att svenska staten bör minska eller öka utgifterna på följande områden?","integer","1","Öka utgifterna mycket"
"q11_3","[Hälsovård, sjukvård och social omsorg] Tycker du att svenska staten bör minska eller öka utgifterna på följande områden?","integer","2","Öka utgifterna något"
"q11_3","[Hälsovård, sjukvård och social omsorg] Tycker du att svenska staten bör minska eller öka utgifterna på följande områden?","integer","3","Utgifterna bör varken minska eller öka"
"q11_3","[Hälsovård, sjukvård och social omsorg] Tycker du att svenska staten bör minska eller öka utgifterna på följande områden?","integer","4","Minska utgifterna något"
"q11_3","[Hälsovård, sjukvård och social omsorg] Tycker du att svenska staten bör minska eller öka utgifterna på följande områden?","integer","5","Minska utgifterna mycket"
"q11_3","[Hälsovård, sjukvård och social omsorg] Tycker du att svenska staten bör minska eller öka utgifterna på följande områden?","integer","999","Ingen uppfattning"
"q11_4","[Allmän miljö- och naturvård] Tycker du att svenska staten bör minska eller öka utgifterna på följande områden?","integer","1","Öka utgifterna mycket"
"q11_4","[Allmän miljö- och naturvård] Tycker du att svenska staten bör minska eller öka utgifterna på följande områden?","integer","2","Öka utgifterna något"
"q11_4","[Allmän miljö- och naturvård] Tycker du att svenska staten bör minska eller öka utgifterna på följande områden?","integer","3","Utgifterna bör varken minska eller öka"
"q11_4","[Allmän miljö- och naturvård] Tycker du att svenska staten bör minska eller öka utgifterna på följande områden?","integer","4","Minska utgifterna något"
"q11_4","[Allmän miljö- och naturvård] Tycker du att svenska staten bör minska eller öka utgifterna på följande områden?","integer","5","Minska utgifterna mycket"
"q11_4","[Allmän miljö- och naturvård] Tycker du att svenska staten bör minska eller öka utgifterna på följande områden?","integer","999","Ingen uppfattning"
"q13","Röstade du i riksdagsvalet 2022?","integer","1","Ja"
"q13","Röstade du i riksdagsvalet 2022?","integer","2","Nej"
"q13","Röstade du i riksdagsvalet 2022?","integer","3","Kommer inte ihåg"
"q13","Röstade du i riksdagsvalet 2022?","integer","4","Ej röstberättigad 2022"
"q13b","Vilket parti röstade du på i riksdagsvalet 2022?","integer","1","Vänsterpartiet (V)"
"q13b","Vilket parti röstade du på i riksdagsvalet 2022?","integer","2","Socialdemokraterna (s)"
"q13b","Vilket parti röstade du på i riksdagsvalet 2022?","integer","3","Centerpartiet (C)"
"q13b","Vilket parti röstade du på i riksdagsvalet 2022?","integer","4","Liberalerna (L)"
"q13b","Vilket parti röstade du på i riksdagsvalet 2022?","integer","5","Moderaterna (M)"
"q13b","Vilket parti röstade du på i riksdagsvalet 2022?","integer","6","Kristdemokratema (KD)"
"q13b","Vilket parti röstade du på i riksdagsvalet 2022?","integer","7","Miljöpartiet (MP)"
"q13b","Vilket parti röstade du på i riksdagsvalet 2022?","integer","8","Sverigedemokratema (SD)"
"q13b","Vilket parti röstade du på i riksdagsvalet 2022?","integer","9","Röstade blankt"
"q13b","Vilket parti röstade du på i riksdagsvalet 2022?","integer","10","Kommer inte ihåg"
"q13b","Vilket parti röstade du på i riksdagsvalet 2022?","integer","888","Vill inte svara"
"q13b_other","[Annat] Vilket parti röstade du på i riksdagsvalet 2022?","string",""
"q14_1","[Skrivit under en namninsamling] Det finns olika sätt att engagera sig politiskt. Har du själv gjort något av följande saker de senaste 6 månaderna?","integer","1","Ja, flera gånger"
"q14_1","[Skrivit under en namninsamling] Det finns olika sätt att engagera sig politiskt. Har du själv gjort något av följande saker de senaste 6 månaderna?","integer","2","Ja, någon gång"
"q14_1","[Skrivit under en namninsamling] Det finns olika sätt att engagera sig politiskt. Har du själv gjort något av följande saker de senaste 6 månaderna?","integer","3","Nej"
"q14_2","[Kontaktat en politiker] Det finns olika sätt att engagera sig politiskt. Har du själv gjort något av följande saker de senaste 6 månaderna?","integer","1","Ja, flera gånger"
"q14_2","[Kontaktat en politiker] Det finns olika sätt att engagera sig politiskt. Har du själv gjort något av följande saker de senaste 6 månaderna?","integer","2","Ja, någon gång"
"q14_2","[Kontaktat en politiker] Det finns olika sätt att engagera sig politiskt. Har du själv gjort något av följande saker de senaste 6 månaderna?","integer","3","Nej"
"q14_3","[Deltagit i en demonstration] Det finns olika sätt att engagera sig politiskt. Har du själv gjort något av följande saker de senaste 6 månaderna?","integer","1","Ja, flera gånger"
"q14_3","[Deltagit i en demonstration] Det finns olika sätt att engagera sig politiskt. Har du själv gjort något av följande saker de senaste 6 månaderna?","integer","2","Ja, någon gång"
"q14_3","[Deltagit i en demonstration] Det finns olika sätt att engagera sig politiskt. Har du själv gjort något av följande saker de senaste 6 månaderna?","integer","3","Nej"
"q14_4","[Diskuterat politik i forum på internet] Det finns olika sätt att engagera sig politiskt. Har du själv gjort något av följande saker de senaste 6 månaderna?","integer","1","Ja, flera gånger"
"q14_4","[Diskuterat politik i forum på internet] Det finns olika sätt att engagera sig politiskt. Har du själv gjort något av följande saker de senaste 6 månaderna?","integer","2","Ja, någon gång"
"q14_4","[Diskuterat politik i forum på internet] Det finns olika sätt att engagera sig politiskt. Har du själv gjort något av följande saker de senaste 6 månaderna?","integer","3","Nej"
"q14_5","[Skrivit insändare till en tidning] Det finns olika sätt att engagera sig politiskt. Har du själv gjort något av följande saker de senaste 6 månaderna?","integer","1","Ja, flera gånger"
"q14_5","[Skrivit insändare till en tidning] Det finns olika sätt att engagera sig politiskt. Har du själv gjort något av följande saker de senaste 6 månaderna?","integer","2","Ja, någon gång"
"q14_5","[Skrivit insändare till en tidning] Det finns olika sätt att engagera sig politiskt. Har du själv gjort något av följande saker de senaste 6 månaderna?","integer","3","Nej"
"q14a_1","[Miljö och klimat] Vilken eller vilka politiska frågor gällde namninsamlingen?","integer","0","Inte vald"
"q14a_1","[Miljö och klimat] Vilken eller vilka politiska frågor gällde namninsamlingen?","integer","1","Ja"
"q14a_2","[Sociala frågor och välfärd] Vilken eller vilka politiska frågor gällde namninsamlingen?","integer","0","Inte vald"
"q14a_2","[Sociala frågor och välfärd] Vilken eller vilka politiska frågor gällde namninsamlingen?","integer","1","Ja"
"q14a_3","[Ekonomi och sysselsättning] Vilken eller vilka politiska frågor gällde namninsamlingen?","integer","0","Inte vald"
"q14a_3","[Ekonomi och sysselsättning] Vilken eller vilka politiska frågor gällde namninsamlingen?","integer","1","Ja"
"q14a_4","[Säkerhet, försvar och internationella konflikter] Vilken eller vilka politiska frågor gällde namninsamlingen?","integer","0","Inte vald"
"q14a_4","[Säkerhet, försvar och internationella konflikter] Vilken eller vilka politiska frågor gällde namninsamlingen?","integer","1","Ja"
"q14a_5","[Migration och integration] Vilken eller vilka politiska frågor gällde namninsamlingen?","integer","0","Inte vald"
"q14a_5","[Migration och integration] Vilken eller vilka politiska frågor gällde namninsamlingen?","integer","1","Ja"
"q14a_6","[Demokrati och rättigheter] Vilken eller vilka politiska frågor gällde namninsamlingen?","integer","0","Inte vald"
"q14a_6","[Demokrati och rättigheter] Vilken eller vilka politiska frågor gällde namninsamlingen?","integer","1","Ja"
"q14a_other","[Annat] Vilken eller vilka politiska frågor gällde namninsamlingen?","string",""
"q14b_1","[Miljö och klimat] Vilken eller vilka politiska frågor gällde din kontakt med politiker?","integer","0","Inte vald"
"q14b_1","[Miljö och klimat] Vilken eller vilka politiska frågor gällde din kontakt med politiker?","integer","1","Ja"
"q14b_2","[Sociala frågor och välfärd] Vilken eller vilka politiska frågor gällde din kontakt med politiker?","integer","0","Inte vald"
"q14b_2","[Sociala frågor och välfärd] Vilken eller vilka politiska frågor gällde din kontakt med politiker?","integer","1","Ja"
"q14b_3","[Ekonomi och sysselsättning] Vilken eller vilka politiska frågor gällde din kontakt med politiker?","integer","0","Inte vald"
"q14b_3","[Ekonomi och sysselsättning] Vilken eller vilka politiska frågor gällde din kontakt med politiker?","integer","1","Ja"
"q14b_4","[Säkerhet, försvar och internationella konflikter] Vilken eller vilka politiska frågor gällde din kontakt med politiker?","integer","0","Inte vald"
"q14b_4","[Säkerhet, försvar och internationella konflikter] Vilken eller vilka politiska frågor gällde din kontakt med politiker?","integer","1","Ja"
"q14b_5","[Migration och integration] Vilken eller vilka politiska frågor gällde din kontakt med politiker?","integer","0","Inte vald"
"q14b_5","[Migration och integration] Vilken eller vilka politiska frågor gällde din kontakt med politiker?","integer","1","Ja"
"q14b_6","[Demokrati och rättigheter] Vilken eller vilka politiska frågor gällde din kontakt med politiker?","integer","0","Inte vald"
"q14b_6","[Demokrati och rättigheter] Vilken eller vilka politiska frågor gällde din kontakt med politiker?","integer","1","Ja"
"q14b_other","[Annat] Vilken eller vilka politiska frågor gällde din kontakt med politiker?","string",""
"q14d_1","[Miljö och klimat] Vilken eller vilka politiska frågor diskuterade du på internet?","integer","0","Inte vald"
"q14d_1","[Miljö och klimat] Vilken eller vilka politiska frågor diskuterade du på internet?","integer","1","Ja"
"q14d_2","[Sociala frågor och välfärd] Vilken eller vilka politiska frågor diskuterade du på internet?","integer","0","Inte vald"
"q14d_2","[Sociala frågor och välfärd] Vilken eller vilka politiska frågor diskuterade du på internet?","integer","1","Ja"
"q14d_3","[Ekonomi och sysselsättning] Vilken eller vilka politiska frågor diskuterade du på internet?","integer","0","Inte vald"
"q14d_3","[Ekonomi och sysselsättning] Vilken eller vilka politiska frågor diskuterade du på internet?","integer","1","Ja"
"q14d_4","[Säkerhet, försvar och internationella konflikter] Vilken eller vilka politiska frågor diskuterade du på internet?","integer","0","Inte vald"
"q14d_4","[Säkerhet, försvar och internationella konflikter] Vilken eller vilka politiska frågor diskuterade du på internet?","integer","1","Ja"
"q14d_5","[Migration och integration] Vilken eller vilka politiska frågor diskuterade du på internet?","integer","0","Inte vald"
"q14d_5","[Migration och integration] Vilken eller vilka politiska frågor diskuterade du på internet?","integer","1","Ja"
"q14d_6","[Demokrati och rättigheter] Vilken eller vilka politiska frågor diskuterade du på internet?","integer","0","Inte vald"
"q14d_6","[Demokrati och rättigheter] Vilken eller vilka politiska frågor diskuterade du på internet?","integer","1","Ja"
"q14d_other","[Annat] Vilken eller vilka politiska frågor diskuterade du på internet?","string",""
"q14c_1","[Miljö och klimat] Berätta gärna mer om demonstrationen. Vilken eller vilka politiska frågor gällde det?","integer","0","Inte vald"
"q14c_1","[Miljö och klimat] Berätta gärna mer om demonstrationen. Vilken eller vilka politiska frågor gällde det?","integer","1","Ja"
"q14c_2","[Sociala frågor och välfärd] Berätta gärna mer om demonstrationen. Vilken eller vilka politiska frågor gällde det?","integer","0","Inte vald"
"q14c_2","[Sociala frågor och välfärd] Berätta gärna mer om demonstrationen. Vilken eller vilka politiska frågor gällde det?","integer","1","Ja"
"q14c_3","[Ekonomi och sysselsättning] Berätta gärna mer om demonstrationen. Vilken eller vilka politiska frågor gällde det?","integer","0","Inte vald"
"q14c_3","[Ekonomi och sysselsättning] Berätta gärna mer om demonstrationen. Vilken eller vilka politiska frågor gällde det?","integer","1","Ja"
"q14c_4","[Säkerhet, försvar och internationella konflikter] Berätta gärna mer om demonstrationen. Vilken eller vilka politiska frågor gällde det?","integer","0","Inte vald"
"q14c_4","[Säkerhet, försvar och internationella konflikter] Berätta gärna mer om demonstrationen. Vilken eller vilka politiska frågor gällde det?","integer","1","Ja"
"q14c_5","[Migration och integration] Berätta gärna mer om demonstrationen. Vilken eller vilka politiska frågor gällde det?","integer","0","Inte vald"
"q14c_5","[Migration och integration] Berätta gärna mer om demonstrationen. Vilken eller vilka politiska frågor gällde det?","integer","1","Ja"
"q14c_6","[Demokrati och rättigheter] Berätta gärna mer om demonstrationen. Vilken eller vilka politiska frågor gällde det?","integer","0","Inte vald"
"q14c_6","[Demokrati och rättigheter] Berätta gärna mer om demonstrationen. Vilken eller vilka politiska frågor gällde det?","integer","1","Ja"
"q14c_other","[Annat] Berätta gärna mer om demonstrationen. Vilken eller vilka politiska frågor gällde det?","string",""
"q14c1","När och var ägde demonstrationen rum?","string",""
"q14c2","Ungefär hur många personer deltog tror du?","string",""
"q14e_1","[Miljö och klimat] Vilken eller vilka politiska frågor handlade din insändare om?","integer","0","Inte vald"
"q14e_1","[Miljö och klimat] Vilken eller vilka politiska frågor handlade din insändare om?","integer","1","Ja"
"q14e_2","[Sociala frågor och välfärd] Vilken eller vilka politiska frågor handlade din insändare om?","integer","0","Inte vald"
"q14e_2","[Sociala frågor och välfärd] Vilken eller vilka politiska frågor handlade din insändare om?","integer","1","Ja"
"q14e_3","[Ekonomi och sysselsättning] Vilken eller vilka politiska frågor handlade din insändare om?","integer","0","Inte vald"
"q14e_3","[Ekonomi och sysselsättning] Vilken eller vilka politiska frågor handlade din insändare om?","integer","1","Ja"
"q14e_4","[Säkerhet, försvar och internationella konflikter] Vilken eller vilka politiska frågor handlade din insändare om?","integer","0","Inte vald"
"q14e_4","[Säkerhet, försvar och internationella konflikter] Vilken eller vilka politiska frågor handlade din insändare om?","integer","1","Ja"
"q14e_5","[Migration och integration] Vilken eller vilka politiska frågor handlade din insändare om?","integer","0","Inte vald"
"q14e_5","[Migration och integration] Vilken eller vilka politiska frågor handlade din insändare om?","integer","1","Ja"
"q14e_6","[Demokrati och rättigheter] Vilken eller vilka politiska frågor handlade din insändare om?","integer","0","Inte vald"
"q14e_6","[Demokrati och rättigheter] Vilken eller vilka politiska frågor handlade din insändare om?","integer","1","Ja"
"q14e_other","[Annat] Vilken eller vilka politiska frågor handlade din insändare om?","string",""
"kontroll_5","[Mycket starkt intresserad] Nästa fråga handlar om följande problem. I enkäter som denna händer det ibland att deltagare inte läser frågorna noggrant och bara klickar sig snabbt igenom undersökningen. Detta påverkar resultaten av forskningsstudien","integer","0","Inte vald"
"kontroll_5","[Mycket starkt intresserad] Nästa fråga handlar om följande problem. I enkäter som denna händer det ibland att deltagare inte läser frågorna noggrant och bara klickar sig snabbt igenom undersökningen. Detta påverkar resultaten av forskningsstudien","integer","1","Ja"
"kontroll_4","[Mycket intresserad] Nästa fråga handlar om följande problem. I enkäter som denna händer det ibland att deltagare inte läser frågorna noggrant och bara klickar sig snabbt igenom undersökningen. Detta påverkar resultaten av forskningsstudien negati","integer","0","Inte vald"
"kontroll_4","[Mycket intresserad] Nästa fråga handlar om följande problem. I enkäter som denna händer det ibland att deltagare inte läser frågorna noggrant och bara klickar sig snabbt igenom undersökningen. Detta påverkar resultaten av forskningsstudien negati","integer","1","Ja"
"kontroll_3","[Lite intresserad] Nästa fråga handlar om följande problem. I enkäter som denna händer det ibland att deltagare inte läser frågorna noggrant och bara klickar sig snabbt igenom undersökningen. Detta påverkar resultaten av forskningsstudien negativt","integer","0","Inte vald"
"kontroll_3","[Lite intresserad] Nästa fråga handlar om följande problem. I enkäter som denna händer det ibland att deltagare inte läser frågorna noggrant och bara klickar sig snabbt igenom undersökningen. Detta påverkar resultaten av forskningsstudien negativt","integer","1","Ja"
"kontroll_2","[Inte särskilt intresserad] Nästa fråga handlar om följande problem. I enkäter som denna händer det ibland att deltagare inte läser frågorna noggrant och bara klickar sig snabbt igenom undersökningen. Detta påverkar resultaten av forskningsstudie","integer","0","Inte vald"
"kontroll_2","[Inte särskilt intresserad] Nästa fråga handlar om följande problem. I enkäter som denna händer det ibland att deltagare inte läser frågorna noggrant och bara klickar sig snabbt igenom undersökningen. Detta påverkar resultaten av forskningsstudie","integer","1","Ja"
"kontroll_1","[Inte alls intresserad] Nästa fråga handlar om följande problem. I enkäter som denna händer det ibland att deltagare inte läser frågorna noggrant och bara klickar sig snabbt igenom undersökningen. Detta påverkar resultaten av forskningsstudien neg","integer","0","Inte vald"
"kontroll_1","[Inte alls intresserad] Nästa fråga handlar om följande problem. I enkäter som denna händer det ibland att deltagare inte läser frågorna noggrant och bara klickar sig snabbt igenom undersökningen. Detta påverkar resultaten av forskningsstudien neg","integer","1","Ja"
"q17","Är du villig att skriva under en namninsamling för att stödja kraftfulla klimatåtgärder? Så snart undersökningen är klar kommer vi att skicka resultaten till statsministerns kansli och informera honom om hur stor andel av de personer som deltog i d","integer","1","Ja"
"q17","Är du villig att skriva under en namninsamling för att stödja kraftfulla klimatåtgärder? Så snart undersökningen är klar kommer vi att skicka resultaten till statsministerns kansli och informera honom om hur stor andel av de personer som deltog i d","integer","2","Nej"
"q18_1","[] Genom att delta i den här undersökningen har du möjlighet att bli slumpmässigt utvald att få 500 kr efter den avslutande enkäten. Några dagar efter enkäten får du besked om du har blivit utvald. Betalningen görs via Swish, eller om du vill gen","integer",""
"q28","I denna del vill vi veta hur du tror att förändringar i din egen konsumtion påverkar den globala konsumtionen. Här är två exempel:  Minska din bränsleförbrukning  Bränsleförbrukning har stor påverkan på klimatet, och transportbränslen står f","integer","1","Det skulle minska den årliga globala bränsleförbrukningen med mer än 250 liter."
"q28","I denna del vill vi veta hur du tror att förändringar i din egen konsumtion påverkar den globala konsumtionen. Här är två exempel:  Minska din bränsleförbrukning  Bränsleförbrukning har stor påverkan på klimatet, och transportbränslen står f","integer","2","Det skulle minska den årliga globala bränsleförbrukningen med 250 liter."
"q28","I denna del vill vi veta hur du tror att förändringar i din egen konsumtion påverkar den globala konsumtionen. Här är två exempel:  Minska din bränsleförbrukning  Bränsleförbrukning har stor påverkan på klimatet, och transportbränslen står f","integer","3","Det skulle minska den årliga globala bränsleförbrukningen med mindre än 250 liter."
"q28","I denna del vill vi veta hur du tror att förändringar i din egen konsumtion påverkar den globala konsumtionen. Här är två exempel:  Minska din bränsleförbrukning  Bränsleförbrukning har stor påverkan på klimatet, och transportbränslen står f","integer","4","Det skulle inte påverka den årliga globala bränsleförbrukningen."
"q28","I denna del vill vi veta hur du tror att förändringar i din egen konsumtion påverkar den globala konsumtionen. Här är två exempel:  Minska din bränsleförbrukning  Bränsleförbrukning har stor påverkan på klimatet, och transportbränslen står f","integer","5","Det skulle faktiskt öka den årliga globala bränsleförbrukningen."
"q29","Byta från ny till begagnad klädsel  Du kan välja mellan två typer av klädinköp: nya kläder och begagnade kläder. Produktion av kläder är resurskrävande och ofta förknippad med dåliga arbetsförhållanden. Vi vill veta vad du tror skulle hända","integer","1","Det skulle minska den årliga globala konsumtionen av nya kläder med mer än 40 plagg."
"q29","Byta från ny till begagnad klädsel  Du kan välja mellan två typer av klädinköp: nya kläder och begagnade kläder. Produktion av kläder är resurskrävande och ofta förknippad med dåliga arbetsförhållanden. Vi vill veta vad du tror skulle hända","integer","2","Det skulle minska den årliga globala konsumtionen av nya kläder med 40 plagg."
"q29","Byta från ny till begagnad klädsel  Du kan välja mellan två typer av klädinköp: nya kläder och begagnade kläder. Produktion av kläder är resurskrävande och ofta förknippad med dåliga arbetsförhållanden. Vi vill veta vad du tror skulle hända","integer","3","Det skulle minska den årliga globala konsumtionen av nya kläder med mindre än 40 plagg."
"q29","Byta från ny till begagnad klädsel  Du kan välja mellan två typer av klädinköp: nya kläder och begagnade kläder. Produktion av kläder är resurskrävande och ofta förknippad med dåliga arbetsförhållanden. Vi vill veta vad du tror skulle hända","integer","4","Det skulle inte påverka den årliga globala konsumtionen av nya kläder."
"q29","Byta från ny till begagnad klädsel  Du kan välja mellan två typer av klädinköp: nya kläder och begagnade kläder. Produktion av kläder är resurskrävande och ofta förknippad med dåliga arbetsförhållanden. Vi vill veta vad du tror skulle hända","integer","5","Det skulle faktiskt öka den årliga globala konsumtionen av nya kläder."
"F88_1","[Arbetat ideellt/volontärarbetat] Hur ofta har du under de senaste 12 månaderna gjort följande?","integer","1","Ingen gång"
"F88_1","[Arbetat ideellt/volontärarbetat] Hur ofta har du under de senaste 12 månaderna gjort följande?","integer","2","Någon gång under de senaste 12 månaderna"
"F88_1","[Arbetat ideellt/volontärarbetat] Hur ofta har du under de senaste 12 månaderna gjort följande?","integer","3","Någon gång i halvåret"
"F88_1","[Arbetat ideellt/volontärarbetat] Hur ofta har du under de senaste 12 månaderna gjort följande?","integer","4","Någon gång i kvartalet"
"F88_1","[Arbetat ideellt/volontärarbetat] Hur ofta har du under de senaste 12 månaderna gjort följande?","integer","5","Någon gång i månaden"
"F88_1","[Arbetat ideellt/volontärarbetat] Hur ofta har du under de senaste 12 månaderna gjort följande?","integer","6","Någon gång i veckan"
"F88_1","[Arbetat ideellt/volontärarbetat] Hur ofta har du under de senaste 12 månaderna gjort följande?","integer","7","Flera gånger i veckan"
"F88_2","[Arbetat hemifrån] Hur ofta har du under de senaste 12 månaderna gjort följande?","integer","1","Ingen gång"
"F88_2","[Arbetat hemifrån] Hur ofta har du under de senaste 12 månaderna gjort följande?","integer","2","Någon gång under de senaste 12 månaderna"
"F88_2","[Arbetat hemifrån] Hur ofta har du under de senaste 12 månaderna gjort följande?","integer","3","Någon gång i halvåret"
"F88_2","[Arbetat hemifrån] Hur ofta har du under de senaste 12 månaderna gjort följande?","integer","4","Någon gång i kvartalet"
"F88_2","[Arbetat hemifrån] Hur ofta har du under de senaste 12 månaderna gjort följande?","integer","5","Någon gång i månaden"
"F88_2","[Arbetat hemifrån] Hur ofta har du under de senaste 12 månaderna gjort följande?","integer","6","Någon gång i veckan"
"F88_2","[Arbetat hemifrån] Hur ofta har du under de senaste 12 månaderna gjort följande?","integer","7","Flera gånger i veckan"
"F88_3","[Arbetat övertid] Hur ofta har du under de senaste 12 månaderna gjort följande?","integer","1","Ingen gång"
"F88_3","[Arbetat övertid] Hur ofta har du under de senaste 12 månaderna gjort följande?","integer","2","Någon gång under de senaste 12 månaderna"
"F88_3","[Arbetat övertid] Hur ofta har du under de senaste 12 månaderna gjort följande?","integer","3","Någon gång i halvåret"
"F88_3","[Arbetat övertid] Hur ofta har du under de senaste 12 månaderna gjort följande?","integer","4","Någon gång i kvartalet"
"F88_3","[Arbetat övertid] Hur ofta har du under de senaste 12 månaderna gjort följande?","integer","5","Någon gång i månaden"
"F88_3","[Arbetat övertid] Hur ofta har du under de senaste 12 månaderna gjort följande?","integer","6","Någon gång i veckan"
"F88_3","[Arbetat övertid] Hur ofta har du under de senaste 12 månaderna gjort följande?","integer","7","Flera gånger i veckan"
"F88_4","[Besökt bibliotek] Hur ofta har du under de senaste 12 månaderna gjort följande?","integer","1","Ingen gång"
"F88_4","[Besökt bibliotek] Hur ofta har du under de senaste 12 månaderna gjort följande?","integer","2","Någon gång under de senaste 12 månaderna"
"F88_4","[Besökt bibliotek] Hur ofta har du under de senaste 12 månaderna gjort följande?","integer","3","Någon gång i halvåret"
"F88_4","[Besökt bibliotek] Hur ofta har du under de senaste 12 månaderna gjort följande?","integer","4","Någon gång i kvartalet"
"F88_4","[Besökt bibliotek] Hur ofta har du under de senaste 12 månaderna gjort följande?","integer","5","Någon gång i månaden"
"F88_4","[Besökt bibliotek] Hur ofta har du under de senaste 12 månaderna gjort följande?","integer","6","Någon gång i veckan"
"F88_4","[Besökt bibliotek] Hur ofta har du under de senaste 12 månaderna gjort följande?","integer","7","Flera gånger i veckan"
"F88_5","[Besökt idrottsevenemang] Hur ofta har du under de senaste 12 månaderna gjort följande?","integer","1","Ingen gång"
"F88_5","[Besökt idrottsevenemang] Hur ofta har du under de senaste 12 månaderna gjort följande?","integer","2","Någon gång under de senaste 12 månaderna"
"F88_5","[Besökt idrottsevenemang] Hur ofta har du under de senaste 12 månaderna gjort följande?","integer","3","Någon gång i halvåret"
"F88_5","[Besökt idrottsevenemang] Hur ofta har du under de senaste 12 månaderna gjort följande?","integer","4","Någon gång i kvartalet"
"F88_5","[Besökt idrottsevenemang] Hur ofta har du under de senaste 12 månaderna gjort följande?","integer","5","Någon gång i månaden"
"F88_5","[Besökt idrottsevenemang] Hur ofta har du under de senaste 12 månaderna gjort följande?","integer","6","Någon gång i veckan"
"F88_5","[Besökt idrottsevenemang] Hur ofta har du under de senaste 12 månaderna gjort följande?","integer","7","Flera gånger i veckan"
"F88_6","[Besökt kulturevenemang (konst, teater, konsert etc.)] Hur ofta har du under de senaste 12 månaderna gjort följande?","integer","1","Ingen gång"
"F88_6","[Besökt kulturevenemang (konst, teater, konsert etc.)] Hur ofta har du under de senaste 12 månaderna gjort följande?","integer","2","Någon gång under de senaste 12 månaderna"
"F88_6","[Besökt kulturevenemang (konst, teater, konsert etc.)] Hur ofta har du under de senaste 12 månaderna gjort följande?","integer","3","Någon gång i halvåret"
"F88_6","[Besökt kulturevenemang (konst, teater, konsert etc.)] Hur ofta har du under de senaste 12 månaderna gjort följande?","integer","4","Någon gång i kvartalet"
"F88_6","[Besökt kulturevenemang (konst, teater, konsert etc.)] Hur ofta har du under de senaste 12 månaderna gjort följande?","integer","5","Någon gång i månaden"
"F88_6","[Besökt kulturevenemang (konst, teater, konsert etc.)] Hur ofta har du under de senaste 12 månaderna gjort följande?","integer","6","Någon gång i veckan"
"F88_6","[Besökt kulturevenemang (konst, teater, konsert etc.)] Hur ofta har du under de senaste 12 månaderna gjort följande?","integer","7","Flera gånger i veckan"
"F88_7","[Bjudit hem någon på middag] Hur ofta har du under de senaste 12 månaderna gjort följande?","integer","1","Ingen gång"
"F88_7","[Bjudit hem någon på middag] Hur ofta har du under de senaste 12 månaderna gjort följande?","integer","2","Någon gång under de senaste 12 månaderna"
"F88_7","[Bjudit hem någon på middag] Hur ofta har du under de senaste 12 månaderna gjort följande?","integer","3","Någon gång i halvåret"
"F88_7","[Bjudit hem någon på middag] Hur ofta har du under de senaste 12 månaderna gjort följande?","integer","4","Någon gång i kvartalet"
"F88_7","[Bjudit hem någon på middag] Hur ofta har du under de senaste 12 månaderna gjort följande?","integer","5","Någon gång i månaden"
"F88_7","[Bjudit hem någon på middag] Hur ofta har du under de senaste 12 månaderna gjort följande?","integer","6","Någon gång i veckan"
"F88_7","[Bjudit hem någon på middag] Hur ofta har du under de senaste 12 månaderna gjort följande?","integer","7","Flera gånger i veckan"
"F88_8","[Dansat] Hur ofta har du under de senaste 12 månaderna gjort följande?","integer","1","Ingen gång"
"F88_8","[Dansat] Hur ofta har du under de senaste 12 månaderna gjort följande?","integer","2","Någon gång under de senaste 12 månaderna"
"F88_8","[Dansat] Hur ofta har du under de senaste 12 månaderna gjort följande?","integer","3","Någon gång i halvåret"
"F88_8","[Dansat] Hur ofta har du under de senaste 12 månaderna gjort följande?","integer","4","Någon gång i kvartalet"
"F88_8","[Dansat] Hur ofta har du under de senaste 12 månaderna gjort följande?","integer","5","Någon gång i månaden"
"F88_8","[Dansat] Hur ofta har du under de senaste 12 månaderna gjort följande?","integer","6","Någon gång i veckan"
"F88_8","[Dansat] Hur ofta har du under de senaste 12 månaderna gjort följande?","integer","7","Flera gånger i veckan"
"F88_9","[Deltagit i studiecirkel/kursverksamhet] Hur ofta har du under de senaste 12 månaderna gjort följande?","integer","1","Ingen gång"
"F88_9","[Deltagit i studiecirkel/kursverksamhet] Hur ofta har du under de senaste 12 månaderna gjort följande?","integer","2","Någon gång under de senaste 12 månaderna"
"F88_9","[Deltagit i studiecirkel/kursverksamhet] Hur ofta har du under de senaste 12 månaderna gjort följande?","integer","3","Någon gång i halvåret"
"F88_9","[Deltagit i studiecirkel/kursverksamhet] Hur ofta har du under de senaste 12 månaderna gjort följande?","integer","4","Någon gång i kvartalet"
"F88_9","[Deltagit i studiecirkel/kursverksamhet] Hur ofta har du under de senaste 12 månaderna gjort följande?","integer","5","Någon gång i månaden"
"F88_9","[Deltagit i studiecirkel/kursverksamhet] Hur ofta har du under de senaste 12 månaderna gjort följande?","integer","6","Någon gång i veckan"
"F88_9","[Deltagit i studiecirkel/kursverksamhet] Hur ofta har du under de senaste 12 månaderna gjort följande?","integer","7","Flera gånger i veckan"
"F88_10","[Köpt något jag inte hade råd med] Hur ofta har du under de senaste 12 månaderna gjort följande?","integer","1","Ingen gång"
"F88_10","[Köpt något jag inte hade råd med] Hur ofta har du under de senaste 12 månaderna gjort följande?","integer","2","Någon gång under de senaste 12 månaderna"
"F88_10","[Köpt något jag inte hade råd med] Hur ofta har du under de senaste 12 månaderna gjort följande?","integer","3","Någon gång i halvåret"
"F88_10","[Köpt något jag inte hade råd med] Hur ofta har du under de senaste 12 månaderna gjort följande?","integer","4","Någon gång i kvartalet"
"F88_10","[Köpt något jag inte hade råd med] Hur ofta har du under de senaste 12 månaderna gjort följande?","integer","5","Någon gång i månaden"
"F88_10","[Köpt något jag inte hade råd med] Hur ofta har du under de senaste 12 månaderna gjort följande?","integer","6","Någon gång i veckan"
"F88_10","[Köpt något jag inte hade råd med] Hur ofta har du under de senaste 12 månaderna gjort följande?","integer","7","Flera gånger i veckan"
"F88_11","[Lyssnat på ljudbok] Hur ofta har du under de senaste 12 månaderna gjort följande?","integer","1","Ingen gång"
"F88_11","[Lyssnat på ljudbok] Hur ofta har du under de senaste 12 månaderna gjort följande?","integer","2","Någon gång under de senaste 12 månaderna"
"F88_11","[Lyssnat på ljudbok] Hur ofta har du under de senaste 12 månaderna gjort följande?","integer","3","Någon gång i halvåret"
"F88_11","[Lyssnat på ljudbok] Hur ofta har du under de senaste 12 månaderna gjort följande?","integer","4","Någon gång i kvartalet"
"F88_11","[Lyssnat på ljudbok] Hur ofta har du under de senaste 12 månaderna gjort följande?","integer","5","Någon gång i månaden"
"F88_11","[Lyssnat på ljudbok] Hur ofta har du under de senaste 12 månaderna gjort följande?","integer","6","Någon gång i veckan"
"F88_11","[Lyssnat på ljudbok] Hur ofta har du under de senaste 12 månaderna gjort följande?","integer","7","Flera gånger i veckan"
"F88_12","[Lyssnat på musik] Hur ofta har du under de senaste 12 månaderna gjort följande?","integer","1","Ingen gång"
"F88_12","[Lyssnat på musik] Hur ofta har du under de senaste 12 månaderna gjort följande?","integer","2","Någon gång under de senaste 12 månaderna"
"F88_12","[Lyssnat på musik] Hur ofta har du under de senaste 12 månaderna gjort följande?","integer","3","Någon gång i halvåret"
"F88_12","[Lyssnat på musik] Hur ofta har du under de senaste 12 månaderna gjort följande?","integer","4","Någon gång i kvartalet"
"F88_12","[Lyssnat på musik] Hur ofta har du under de senaste 12 månaderna gjort följande?","integer","5","Någon gång i månaden"
"F88_12","[Lyssnat på musik] Hur ofta har du under de senaste 12 månaderna gjort följande?","integer","6","Någon gång i veckan"
"F88_12","[Lyssnat på musik] Hur ofta har du under de senaste 12 månaderna gjort följande?","integer","7","Flera gånger i veckan"
"F88_13","[Läst en bok] Hur ofta har du under de senaste 12 månaderna gjort följande?","integer","1","Ingen gång"
"F88_13","[Läst en bok] Hur ofta har du under de senaste 12 månaderna gjort följande?","integer","2","Någon gång under de senaste 12 månaderna"
"F88_13","[Läst en bok] Hur ofta har du under de senaste 12 månaderna gjort följande?","integer","3","Någon gång i halvåret"
"F88_13","[Läst en bok] Hur ofta har du under de senaste 12 månaderna gjort följande?","integer","4","Någon gång i kvartalet"
"F88_13","[Läst en bok] Hur ofta har du under de senaste 12 månaderna gjort följande?","integer","5","Någon gång i månaden"
"F88_13","[Läst en bok] Hur ofta har du under de senaste 12 månaderna gjort följande?","integer","6","Någon gång i veckan"
"F88_13","[Läst en bok] Hur ofta har du under de senaste 12 månaderna gjort följande?","integer","7","Flera gånger i veckan"
"F88_14","[Sett på film] Hur ofta har du under de senaste 12 månaderna gjort följande?","integer","1","Ingen gång"
"F88_14","[Sett på film] Hur ofta har du under de senaste 12 månaderna gjort följande?","integer","2","Någon gång under de senaste 12 månaderna"
"F88_14","[Sett på film] Hur ofta har du under de senaste 12 månaderna gjort följande?","integer","3","Någon gång i halvåret"
"F88_14","[Sett på film] Hur ofta har du under de senaste 12 månaderna gjort följande?","integer","4","Någon gång i kvartalet"
"F88_14","[Sett på film] Hur ofta har du under de senaste 12 månaderna gjort följande?","integer","5","Någon gång i månaden"
"F88_14","[Sett på film] Hur ofta har du under de senaste 12 månaderna gjort följande?","integer","6","Någon gång i veckan"
"F88_14","[Sett på film] Hur ofta har du under de senaste 12 månaderna gjort följande?","integer","7","Flera gånger i veckan"
"F88_15","[Läst högt ur bok/tidning för något barn] Hur ofta har du under de senaste 12 månaderna gjort följande?","integer","1","Ingen gång"
"F88_15","[Läst högt ur bok/tidning för något barn] Hur ofta har du under de senaste 12 månaderna gjort följande?","integer","2","Någon gång under de senaste 12 månaderna"
"F88_15","[Läst högt ur bok/tidning för något barn] Hur ofta har du under de senaste 12 månaderna gjort följande?","integer","3","Någon gång i halvåret"
"F88_15","[Läst högt ur bok/tidning för något barn] Hur ofta har du under de senaste 12 månaderna gjort följande?","integer","4","Någon gång i kvartalet"
"F88_15","[Läst högt ur bok/tidning för något barn] Hur ofta har du under de senaste 12 månaderna gjort följande?","integer","5","Någon gång i månaden"
"F88_15","[Läst högt ur bok/tidning för något barn] Hur ofta har du under de senaste 12 månaderna gjort följande?","integer","6","Någon gång i veckan"
"F88_15","[Läst högt ur bok/tidning för något barn] Hur ofta har du under de senaste 12 månaderna gjort följande?","integer","7","Flera gånger i veckan"
"F88_16","[Sett på tv-serie] Hur ofta har du under de senaste 12 månaderna gjort följande?","integer","1","Ingen gång"
"F88_16","[Sett på tv-serie] Hur ofta har du under de senaste 12 månaderna gjort följande?","integer","2","Någon gång under de senaste 12 månaderna"
"F88_16","[Sett på tv-serie] Hur ofta har du under de senaste 12 månaderna gjort följande?","integer","3","Någon gång i halvåret"
"F88_16","[Sett på tv-serie] Hur ofta har du under de senaste 12 månaderna gjort följande?","integer","4","Någon gång i kvartalet"
"F88_16","[Sett på tv-serie] Hur ofta har du under de senaste 12 månaderna gjort följande?","integer","5","Någon gång i månaden"
"F88_16","[Sett på tv-serie] Hur ofta har du under de senaste 12 månaderna gjort följande?","integer","6","Någon gång i veckan"
"F88_16","[Sett på tv-serie] Hur ofta har du under de senaste 12 månaderna gjort följande?","integer","7","Flera gånger i veckan"
"F88_17","[Sovit för lite för att känna mig utvilad] Hur ofta har du under de senaste 12 månaderna gjort följande?","integer","1","Ingen gång"
"F88_17","[Sovit för lite för att känna mig utvilad] Hur ofta har du under de senaste 12 månaderna gjort följande?","integer","2","Någon gång under de senaste 12 månaderna"
"F88_17","[Sovit för lite för att känna mig utvilad] Hur ofta har du under de senaste 12 månaderna gjort följande?","integer","3","Någon gång i halvåret"
"F88_17","[Sovit för lite för att känna mig utvilad] Hur ofta har du under de senaste 12 månaderna gjort följande?","integer","4","Någon gång i kvartalet"
"F88_17","[Sovit för lite för att känna mig utvilad] Hur ofta har du under de senaste 12 månaderna gjort följande?","integer","5","Någon gång i månaden"
"F88_17","[Sovit för lite för att känna mig utvilad] Hur ofta har du under de senaste 12 månaderna gjort följande?","integer","6","Någon gång i veckan"
"F88_17","[Sovit för lite för att känna mig utvilad] Hur ofta har du under de senaste 12 månaderna gjort följande?","integer","7","Flera gånger i veckan"
"F88_18","[Motionerat/tränat] Hur ofta har du under de senaste 12 månaderna gjort följande?","integer","1","Ingen gång"
"F88_18","[Motionerat/tränat] Hur ofta har du under de senaste 12 månaderna gjort följande?","integer","2","Någon gång under de senaste 12 månaderna"
"F88_18","[Motionerat/tränat] Hur ofta har du under de senaste 12 månaderna gjort följande?","integer","3","Någon gång i halvåret"
"F88_18","[Motionerat/tränat] Hur ofta har du under de senaste 12 månaderna gjort följande?","integer","4","Någon gång i kvartalet"
"F88_18","[Motionerat/tränat] Hur ofta har du under de senaste 12 månaderna gjort följande?","integer","5","Någon gång i månaden"
"F88_18","[Motionerat/tränat] Hur ofta har du under de senaste 12 månaderna gjort följande?","integer","6","Någon gång i veckan"
"F88_18","[Motionerat/tränat] Hur ofta har du under de senaste 12 månaderna gjort följande?","integer","7","Flera gånger i veckan"
"F88_19","[Skjutit upp betalning av vara/tjänst (köp nu, betala sen)] Hur ofta har du under de senaste 12 månaderna gjort följande?","integer","1","Ingen gång"
"F88_19","[Skjutit upp betalning av vara/tjänst (köp nu, betala sen)] Hur ofta har du under de senaste 12 månaderna gjort följande?","integer","2","Någon gång under de senaste 12 månaderna"
"F88_19","[Skjutit upp betalning av vara/tjänst (köp nu, betala sen)] Hur ofta har du under de senaste 12 månaderna gjort följande?","integer","3","Någon gång i halvåret"
"F88_19","[Skjutit upp betalning av vara/tjänst (köp nu, betala sen)] Hur ofta har du under de senaste 12 månaderna gjort följande?","integer","4","Någon gång i kvartalet"
"F88_19","[Skjutit upp betalning av vara/tjänst (köp nu, betala sen)] Hur ofta har du under de senaste 12 månaderna gjort följande?","integer","5","Någon gång i månaden"
"F88_19","[Skjutit upp betalning av vara/tjänst (köp nu, betala sen)] Hur ofta har du under de senaste 12 månaderna gjort följande?","integer","6","Någon gång i veckan"
"F88_19","[Skjutit upp betalning av vara/tjänst (köp nu, betala sen)] Hur ofta har du under de senaste 12 månaderna gjort följande?","integer","7","Flera gånger i veckan"
"F88_20","[Umgåtts med vänner] Hur ofta har du under de senaste 12 månaderna gjort följande?","integer","1","Ingen gång"
"F88_20","[Umgåtts med vänner] Hur ofta har du under de senaste 12 månaderna gjort följande?","integer","2","Någon gång under de senaste 12 månaderna"
"F88_20","[Umgåtts med vänner] Hur ofta har du under de senaste 12 månaderna gjort följande?","integer","3","Någon gång i halvåret"
"F88_20","[Umgåtts med vänner] Hur ofta har du under de senaste 12 månaderna gjort följande?","integer","4","Någon gång i kvartalet"
"F88_20","[Umgåtts med vänner] Hur ofta har du under de senaste 12 månaderna gjort följande?","integer","5","Någon gång i månaden"
"F88_20","[Umgåtts med vänner] Hur ofta har du under de senaste 12 månaderna gjort följande?","integer","6","Någon gång i veckan"
"F88_20","[Umgåtts med vänner] Hur ofta har du under de senaste 12 månaderna gjort följande?","integer","7","Flera gånger i veckan"
"F88_21","[Varit ute i naturen/friluftsliv] Hur ofta har du under de senaste 12 månaderna gjort följande?","integer","1","Ingen gång"
"F88_21","[Varit ute i naturen/friluftsliv] Hur ofta har du under de senaste 12 månaderna gjort följande?","integer","2","Någon gång under de senaste 12 månaderna"
"F88_21","[Varit ute i naturen/friluftsliv] Hur ofta har du under de senaste 12 månaderna gjort följande?","integer","3","Någon gång i halvåret"
"F88_21","[Varit ute i naturen/friluftsliv] Hur ofta har du under de senaste 12 månaderna gjort följande?","integer","4","Någon gång i kvartalet"
"F88_21","[Varit ute i naturen/friluftsliv] Hur ofta har du under de senaste 12 månaderna gjort följande?","integer","5","Någon gång i månaden"
"F88_21","[Varit ute i naturen/friluftsliv] Hur ofta har du under de senaste 12 månaderna gjort följande?","integer","6","Någon gång i veckan"
"F88_21","[Varit ute i naturen/friluftsliv] Hur ofta har du under de senaste 12 månaderna gjort följande?","integer","7","Flera gånger i veckan"
"q19_1","[] På det hela taget, hur nöjd är du med ditt liv i stort nuförtiden?","integer","0","0=extremt missnöjd"
"q19_1","[] På det hela taget, hur nöjd är du med ditt liv i stort nuförtiden?","integer","1","1"
"q19_1","[] På det hela taget, hur nöjd är du med ditt liv i stort nuförtiden?","integer","2","2"
"q19_1","[] På det hela taget, hur nöjd är du med ditt liv i stort nuförtiden?","integer","3","3"
"q19_1","[] På det hela taget, hur nöjd är du med ditt liv i stort nuförtiden?","integer","4","4"
"q19_1","[] På det hela taget, hur nöjd är du med ditt liv i stort nuförtiden?","integer","5","5"
"q19_1","[] På det hela taget, hur nöjd är du med ditt liv i stort nuförtiden?","integer","6","6"
"q19_1","[] På det hela taget, hur nöjd är du med ditt liv i stort nuförtiden?","integer","7","7"
"q19_1","[] På det hela taget, hur nöjd är du med ditt liv i stort nuförtiden?","integer","8","8"
"q19_1","[] På det hela taget, hur nöjd är du med ditt liv i stort nuförtiden?","integer","9","9"
"q19_1","[] På det hela taget, hur nöjd är du med ditt liv i stort nuförtiden?","integer","10","10=extremt nöjd"
"q19_1","[] På det hela taget, hur nöjd är du med ditt liv i stort nuförtiden?","integer","888","Vägrar"
"q19_1","[] På det hela taget, hur nöjd är du med ditt liv i stort nuförtiden?","integer","999","Vet ej"
"q20_1","[] Allt sammantaget, hur lycklig skulle du säga att du är?","integer","0","0=extremt olycklig"
"q20_1","[] Allt sammantaget, hur lycklig skulle du säga att du är?","integer","1","1"
"q20_1","[] Allt sammantaget, hur lycklig skulle du säga att du är?","integer","2","2"
"q20_1","[] Allt sammantaget, hur lycklig skulle du säga att du är?","integer","3","3"
"q20_1","[] Allt sammantaget, hur lycklig skulle du säga att du är?","integer","4","4"
"q20_1","[] Allt sammantaget, hur lycklig skulle du säga att du är?","integer","5","5"
"q20_1","[] Allt sammantaget, hur lycklig skulle du säga att du är?","integer","6","6"
"q20_1","[] Allt sammantaget, hur lycklig skulle du säga att du är?","integer","7","7"
"q20_1","[] Allt sammantaget, hur lycklig skulle du säga att du är?","integer","8","8"
"q20_1","[] Allt sammantaget, hur lycklig skulle du säga att du är?","integer","9","9"
"q20_1","[] Allt sammantaget, hur lycklig skulle du säga att du är?","integer","10","10=extremt lycklig"
"q20_1","[] Allt sammantaget, hur lycklig skulle du säga att du är?","integer","888","Vägrar"
"q20_1","[] Allt sammantaget, hur lycklig skulle du säga att du är?","integer","999","Vet ej"
"q21_1","[Timmar] Hur mycket tid spenderar du framför mobilen? För att besvara frågan så korrekt som möjligt vill vi be dig öppna inställningarna för 'Skärmtid' (iOS) eller 'Digitalt välmående' (Android) på din telefon och notera den genomsnittliga dagl","integer","0","Inte vald"
"q21_1","[Timmar] Hur mycket tid spenderar du framför mobilen? För att besvara frågan så korrekt som möjligt vill vi be dig öppna inställningarna för 'Skärmtid' (iOS) eller 'Digitalt välmående' (Android) på din telefon och notera den genomsnittliga dagl","integer","1","Ja"
"q21_1comment","[Kommentar] [Timmar] Hur mycket tid spenderar du framför mobilen? För att besvara frågan så korrekt som möjligt vill vi be dig öppna inställningarna för 'Skärmtid' (iOS) eller 'Digitalt välmående' (Android) på din telefon och notera den genomsn","string",""
"q21_2","[Minuter] Hur mycket tid spenderar du framför mobilen? För att besvara frågan så korrekt som möjligt vill vi be dig öppna inställningarna för 'Skärmtid' (iOS) eller 'Digitalt välmående' (Android) på din telefon och notera den genomsnittliga dag","integer","0","Inte vald"
"q21_2","[Minuter] Hur mycket tid spenderar du framför mobilen? För att besvara frågan så korrekt som möjligt vill vi be dig öppna inställningarna för 'Skärmtid' (iOS) eller 'Digitalt välmående' (Android) på din telefon och notera den genomsnittliga dag","integer","1","Ja"
"q21_2comment","[Kommentar] [Minuter] Hur mycket tid spenderar du framför mobilen? För att besvara frågan så korrekt som möjligt vill vi be dig öppna inställningarna för 'Skärmtid' (iOS) eller 'Digitalt välmående' (Android) på din telefon och notera den genoms","string",""
"q21_3","[Jag har inte aktiverat den funktionen.] Hur mycket tid spenderar du framför mobilen? För att besvara frågan så korrekt som möjligt vill vi be dig öppna inställningarna för 'Skärmtid' (iOS) eller 'Digitalt välmående' (Android) på din telefon oc","integer","0","Inte vald"
"q21_3","[Jag har inte aktiverat den funktionen.] Hur mycket tid spenderar du framför mobilen? För att besvara frågan så korrekt som möjligt vill vi be dig öppna inställningarna för 'Skärmtid' (iOS) eller 'Digitalt välmående' (Android) på din telefon oc","integer","1","Ja"
"q21_3comment","[Kommentar] [Jag har inte aktiverat den funktionen.] Hur mycket tid spenderar du framför mobilen? För att besvara frågan så korrekt som möjligt vill vi be dig öppna inställningarna för 'Skärmtid' (iOS) eller 'Digitalt välmående' (Android) på di","string",""
"q21_4","[Hoppa över frågan/jag hittar inte informationen.] Hur mycket tid spenderar du framför mobilen? För att besvara frågan så korrekt som möjligt vill vi be dig öppna inställningarna för 'Skärmtid' (iOS) eller 'Digitalt välmående' (Android) på di","integer","0","Inte vald"
"q21_4","[Hoppa över frågan/jag hittar inte informationen.] Hur mycket tid spenderar du framför mobilen? För att besvara frågan så korrekt som möjligt vill vi be dig öppna inställningarna för 'Skärmtid' (iOS) eller 'Digitalt välmående' (Android) på di","integer","1","Ja"
"q21_4comment","[Kommentar] [Hoppa över frågan/jag hittar inte informationen.] Hur mycket tid spenderar du framför mobilen? För att besvara frågan så korrekt som möjligt vill vi be dig öppna inställningarna för 'Skärmtid' (iOS) eller 'Digitalt välmående' (And","string",""
"q22_1","[… känt att du inte har kunnat kontrollera de saker som är viktiga i ditt liv] Under den senaste månaden, hur ofta har du…","integer","1","Mycket ofta"
"q22_1","[… känt att du inte har kunnat kontrollera de saker som är viktiga i ditt liv] Under den senaste månaden, hur ofta har du…","integer","2","Ganska ofta"
"q22_1","[… känt att du inte har kunnat kontrollera de saker som är viktiga i ditt liv] Under den senaste månaden, hur ofta har du…","integer","3","Ibland"
"q22_1","[… känt att du inte har kunnat kontrollera de saker som är viktiga i ditt liv] Under den senaste månaden, hur ofta har du…","integer","4","Nästan aldrig"
"q22_1","[… känt att du inte har kunnat kontrollera de saker som är viktiga i ditt liv] Under den senaste månaden, hur ofta har du…","integer","5","Aldrig"
"q22_2","[… känt dig nervös och “stressad”] Under den senaste månaden, hur ofta har du…","integer","1","Mycket ofta"
"q22_2","[… känt dig nervös och “stressad”] Under den senaste månaden, hur ofta har du…","integer","2","Ganska ofta"
"q22_2","[… känt dig nervös och “stressad”] Under den senaste månaden, hur ofta har du…","integer","3","Ibland"
"q22_2","[… känt dig nervös och “stressad”] Under den senaste månaden, hur ofta har du…","integer","4","Nästan aldrig"
"q22_2","[… känt dig nervös och “stressad”] Under den senaste månaden, hur ofta har du…","integer","5","Aldrig"
"q22_3","[… känt att du inte har kunnat hantera alla saker som du har varit tvungen att göra] Under den senaste månaden, hur ofta har du…","integer","1","Mycket ofta"
"q22_3","[… känt att du inte har kunnat hantera alla saker som du har varit tvungen att göra] Under den senaste månaden, hur ofta har du…","integer","2","Ganska ofta"
"q22_3","[… känt att du inte har kunnat hantera alla saker som du har varit tvungen att göra] Under den senaste månaden, hur ofta har du…","integer","3","Ibland"
"q22_3","[… känt att du inte har kunnat hantera alla saker som du har varit tvungen att göra] Under den senaste månaden, hur ofta har du…","integer","4","Nästan aldrig"
"q22_3","[… känt att du inte har kunnat hantera alla saker som du har varit tvungen att göra] Under den senaste månaden, hur ofta har du…","integer","5","Aldrig"
"q22_4","[… känt att svårigheter har hopat sig i sådan utsträckning att du inte kunde övervinna dem] Under den senaste månaden, hur ofta har du…","integer","1","Mycket ofta"
"q22_4","[… känt att svårigheter har hopat sig i sådan utsträckning att du inte kunde övervinna dem] Under den senaste månaden, hur ofta har du…","integer","2","Ganska ofta"
"q22_4","[… känt att svårigheter har hopat sig i sådan utsträckning att du inte kunde övervinna dem] Under den senaste månaden, hur ofta har du…","integer","3","Ibland"
"q22_4","[… känt att svårigheter har hopat sig i sådan utsträckning att du inte kunde övervinna dem] Under den senaste månaden, hur ofta har du…","integer","4","Nästan aldrig"
"q22_4","[… känt att svårigheter har hopat sig i sådan utsträckning att du inte kunde övervinna dem] Under den senaste månaden, hur ofta har du…","integer","5","Aldrig"
"cq1_SQ001","[ ] Varje krona du spenderar påverkar klimatet. Baserat på din konsumtion senaste året, vad tror du att ditt årsutsläpp i ton ligger på? (Medel i Sverige är ungefär 8 ton CO2e / år)","integer.1",""
"cq2_1","[Rangordning 1] Baserat på din konsumtion senaste året, vänligen rangordna följande kategorier baserat på hur mycket utsläpp du tror att din konsumtion genererar.  Placera kategorin som släpper ut mest koldioxidekvivalenter (CO2e) överst:","integer","1","Transport"
"cq2_1","[Rangordning 1] Baserat på din konsumtion senaste året, vänligen rangordna följande kategorier baserat på hur mycket utsläpp du tror att din konsumtion genererar.  Placera kategorin som släpper ut mest koldioxidekvivalenter (CO2e) överst:","integer","2","Boende och hushåll (t.ex. renoveringar, möbler, hyra, internet, el, värme, etc)"
"cq2_1","[Rangordning 1] Baserat på din konsumtion senaste året, vänligen rangordna följande kategorier baserat på hur mycket utsläpp du tror att din konsumtion genererar.  Placera kategorin som släpper ut mest koldioxidekvivalenter (CO2e) överst:","integer","3","Mat och dryck"
"cq2_1","[Rangordning 1] Baserat på din konsumtion senaste året, vänligen rangordna följande kategorier baserat på hur mycket utsläpp du tror att din konsumtion genererar.  Placera kategorin som släpper ut mest koldioxidekvivalenter (CO2e) överst:","integer","4","Varor och övrigt (t.ex. kläder, prylar, elektronik, etc)"
"cq2_2","[Rangordning 2] Baserat på din konsumtion senaste året, vänligen rangordna följande kategorier baserat på hur mycket utsläpp du tror att din konsumtion genererar.  Placera kategorin som släpper ut mest koldioxidekvivalenter (CO2e) överst:","integer","1","Transport"
"cq2_2","[Rangordning 2] Baserat på din konsumtion senaste året, vänligen rangordna följande kategorier baserat på hur mycket utsläpp du tror att din konsumtion genererar.  Placera kategorin som släpper ut mest koldioxidekvivalenter (CO2e) överst:","integer","2","Boende och hushåll (t.ex. renoveringar, möbler, hyra, internet, el, värme, etc)"
"cq2_2","[Rangordning 2] Baserat på din konsumtion senaste året, vänligen rangordna följande kategorier baserat på hur mycket utsläpp du tror att din konsumtion genererar.  Placera kategorin som släpper ut mest koldioxidekvivalenter (CO2e) överst:","integer","3","Mat och dryck"
"cq2_2","[Rangordning 2] Baserat på din konsumtion senaste året, vänligen rangordna följande kategorier baserat på hur mycket utsläpp du tror att din konsumtion genererar.  Placera kategorin som släpper ut mest koldioxidekvivalenter (CO2e) överst:","integer","4","Varor och övrigt (t.ex. kläder, prylar, elektronik, etc)"
"cq2_3","[Rangordning 3] Baserat på din konsumtion senaste året, vänligen rangordna följande kategorier baserat på hur mycket utsläpp du tror att din konsumtion genererar.  Placera kategorin som släpper ut mest koldioxidekvivalenter (CO2e) överst:","integer","1","Transport"
"cq2_3","[Rangordning 3] Baserat på din konsumtion senaste året, vänligen rangordna följande kategorier baserat på hur mycket utsläpp du tror att din konsumtion genererar.  Placera kategorin som släpper ut mest koldioxidekvivalenter (CO2e) överst:","integer","2","Boende och hushåll (t.ex. renoveringar, möbler, hyra, internet, el, värme, etc)"
"cq2_3","[Rangordning 3] Baserat på din konsumtion senaste året, vänligen rangordna följande kategorier baserat på hur mycket utsläpp du tror att din konsumtion genererar.  Placera kategorin som släpper ut mest koldioxidekvivalenter (CO2e) överst:","integer","3","Mat och dryck"
"cq2_3","[Rangordning 3] Baserat på din konsumtion senaste året, vänligen rangordna följande kategorier baserat på hur mycket utsläpp du tror att din konsumtion genererar.  Placera kategorin som släpper ut mest koldioxidekvivalenter (CO2e) överst:","integer","4","Varor och övrigt (t.ex. kläder, prylar, elektronik, etc)"
"cq2_4","[Rangordning 4] Baserat på din konsumtion senaste året, vänligen rangordna följande kategorier baserat på hur mycket utsläpp du tror att din konsumtion genererar.  Placera kategorin som släpper ut mest koldioxidekvivalenter (CO2e) överst:","integer","1","Transport"
"cq2_4","[Rangordning 4] Baserat på din konsumtion senaste året, vänligen rangordna följande kategorier baserat på hur mycket utsläpp du tror att din konsumtion genererar.  Placera kategorin som släpper ut mest koldioxidekvivalenter (CO2e) överst:","integer","2","Boende och hushåll (t.ex. renoveringar, möbler, hyra, internet, el, värme, etc)"
"cq2_4","[Rangordning 4] Baserat på din konsumtion senaste året, vänligen rangordna följande kategorier baserat på hur mycket utsläpp du tror att din konsumtion genererar.  Placera kategorin som släpper ut mest koldioxidekvivalenter (CO2e) överst:","integer","3","Mat och dryck"
"cq2_4","[Rangordning 4] Baserat på din konsumtion senaste året, vänligen rangordna följande kategorier baserat på hur mycket utsläpp du tror att din konsumtion genererar.  Placera kategorin som släpper ut mest koldioxidekvivalenter (CO2e) överst:","integer","4","Varor och övrigt (t.ex. kläder, prylar, elektronik, etc)"
"cq3_1","[Resa 900 km själv i en medelstor bensinbil ] Hur mycket utsläpp (kg CO2e) genererar följande aktiviteter, i genomsnitt per person i Sverige","integer",""
"cq3_2","[Resa 900 km med snabbtåg] Hur mycket utsläpp (kg CO2e) genererar följande aktiviteter, i genomsnitt per person i Sverige","integer",""
"cq3_3","[Resa 900 km med flyg] Hur mycket utsläpp (kg CO2e) genererar följande aktiviteter, i genomsnitt per person i Sverige","integer",""
"cq3_4","[Köp av en ny dator (15 tum laptop)] Hur mycket utsläpp (kg CO2e) genererar följande aktiviteter, i genomsnitt per person i Sverige","integer",""
"cq3_5","[Köp av nya kläder för 5 000 kr] Hur mycket utsläpp (kg CO2e) genererar följande aktiviteter, i genomsnitt per person i Sverige","integer",""
"q30","Situation 1: Din åtgärd minskar de globala utsläppen  Om du minskar dina egna CO2-utsläpp med ett ton, minskar de globala CO2-utsläppen också med ett ton.  Hur mycket skulle du vara villig att betala för att minska dina CO2-utsläpp med ett ton?","integer","1","0 kr"
"q30","Situation 1: Din åtgärd minskar de globala utsläppen  Om du minskar dina egna CO2-utsläpp med ett ton, minskar de globala CO2-utsläppen också med ett ton.  Hur mycket skulle du vara villig att betala för att minska dina CO2-utsläpp med ett ton?","integer","2","200 kr"
"q30","Situation 1: Din åtgärd minskar de globala utsläppen  Om du minskar dina egna CO2-utsläpp med ett ton, minskar de globala CO2-utsläppen också med ett ton.  Hur mycket skulle du vara villig att betala för att minska dina CO2-utsläpp med ett ton?","integer","3","400 kr"
"q30","Situation 1: Din åtgärd minskar de globala utsläppen  Om du minskar dina egna CO2-utsläpp med ett ton, minskar de globala CO2-utsläppen också med ett ton.  Hur mycket skulle du vara villig att betala för att minska dina CO2-utsläpp med ett ton?","integer","4","600 kr"
"q30","Situation 1: Din åtgärd minskar de globala utsläppen  Om du minskar dina egna CO2-utsläpp med ett ton, minskar de globala CO2-utsläppen också med ett ton.  Hur mycket skulle du vara villig att betala för att minska dina CO2-utsläpp med ett ton?","integer","5","800 kr"
"q30","Situation 1: Din åtgärd minskar de globala utsläppen  Om du minskar dina egna CO2-utsläpp med ett ton, minskar de globala CO2-utsläppen också med ett ton.  Hur mycket skulle du vara villig att betala för att minska dina CO2-utsläpp med ett ton?","integer","6","1 000 kr eller mer"
"q31","Situation 2: Din åtgärd påverkar inte de globala utsläppen  I denna situation skulle en minskning av dina egna CO2-utsläpp med ett ton inte påverka de globala utsläppen. Detta kan bero på att din minskning gör det billigare för andra att släppa ","integer","1","0 kr"
"q31","Situation 2: Din åtgärd påverkar inte de globala utsläppen  I denna situation skulle en minskning av dina egna CO2-utsläpp med ett ton inte påverka de globala utsläppen. Detta kan bero på att din minskning gör det billigare för andra att släppa ","integer","2","200 kr"
"q31","Situation 2: Din åtgärd påverkar inte de globala utsläppen  I denna situation skulle en minskning av dina egna CO2-utsläpp med ett ton inte påverka de globala utsläppen. Detta kan bero på att din minskning gör det billigare för andra att släppa ","integer","3","400 kr"
"q31","Situation 2: Din åtgärd påverkar inte de globala utsläppen  I denna situation skulle en minskning av dina egna CO2-utsläpp med ett ton inte påverka de globala utsläppen. Detta kan bero på att din minskning gör det billigare för andra att släppa ","integer","4","600 kr"
"q31","Situation 2: Din åtgärd påverkar inte de globala utsläppen  I denna situation skulle en minskning av dina egna CO2-utsläpp med ett ton inte påverka de globala utsläppen. Detta kan bero på att din minskning gör det billigare för andra att släppa ","integer","5","800 kr"
"q31","Situation 2: Din åtgärd påverkar inte de globala utsläppen  I denna situation skulle en minskning av dina egna CO2-utsläpp med ett ton inte påverka de globala utsläppen. Detta kan bero på att din minskning gör det billigare för andra att släppa ","integer","6","1 000 kr eller mer"
"q23_1","[Appen kunde korrekt kategorisera mina utgifter och transaktioner.] Vi vill nu höra hur du upplevt studiens app Konsumtionskollen och de tillhörande månadsuppdateringarna som du fått via mejl.  I vilken utsträckning instämmer du med följande påstå","integer","1","Instämmer inte alls  1."
"q23_1","[Appen kunde korrekt kategorisera mina utgifter och transaktioner.] Vi vill nu höra hur du upplevt studiens app Konsumtionskollen och de tillhörande månadsuppdateringarna som du fått via mejl.  I vilken utsträckning instämmer du med följande påstå","integer","2","2."
"q23_1","[Appen kunde korrekt kategorisera mina utgifter och transaktioner.] Vi vill nu höra hur du upplevt studiens app Konsumtionskollen och de tillhörande månadsuppdateringarna som du fått via mejl.  I vilken utsträckning instämmer du med följande påstå","integer","3","3."
"q23_1","[Appen kunde korrekt kategorisera mina utgifter och transaktioner.] Vi vill nu höra hur du upplevt studiens app Konsumtionskollen och de tillhörande månadsuppdateringarna som du fått via mejl.  I vilken utsträckning instämmer du med följande påstå","integer","4","4."
"q23_1","[Appen kunde korrekt kategorisera mina utgifter och transaktioner.] Vi vill nu höra hur du upplevt studiens app Konsumtionskollen och de tillhörande månadsuppdateringarna som du fått via mejl.  I vilken utsträckning instämmer du med följande påstå","integer","5","5."
"q23_1","[Appen kunde korrekt kategorisera mina utgifter och transaktioner.] Vi vill nu höra hur du upplevt studiens app Konsumtionskollen och de tillhörande månadsuppdateringarna som du fått via mejl.  I vilken utsträckning instämmer du med följande påstå","integer","6","6."
"q23_1","[Appen kunde korrekt kategorisera mina utgifter och transaktioner.] Vi vill nu höra hur du upplevt studiens app Konsumtionskollen och de tillhörande månadsuppdateringarna som du fått via mejl.  I vilken utsträckning instämmer du med följande påstå","integer","7","Instämmer helt  7."
"q23_2","[Appen kunde korrekt beräkna mitt klimatavtryck.] Vi vill nu höra hur du upplevt studiens app Konsumtionskollen och de tillhörande månadsuppdateringarna som du fått via mejl.  I vilken utsträckning instämmer du med följande påståenden?","integer","1","Instämmer inte alls  1."
"q23_2","[Appen kunde korrekt beräkna mitt klimatavtryck.] Vi vill nu höra hur du upplevt studiens app Konsumtionskollen och de tillhörande månadsuppdateringarna som du fått via mejl.  I vilken utsträckning instämmer du med följande påståenden?","integer","2","2."
"q23_2","[Appen kunde korrekt beräkna mitt klimatavtryck.] Vi vill nu höra hur du upplevt studiens app Konsumtionskollen och de tillhörande månadsuppdateringarna som du fått via mejl.  I vilken utsträckning instämmer du med följande påståenden?","integer","3","3."
"q23_2","[Appen kunde korrekt beräkna mitt klimatavtryck.] Vi vill nu höra hur du upplevt studiens app Konsumtionskollen och de tillhörande månadsuppdateringarna som du fått via mejl.  I vilken utsträckning instämmer du med följande påståenden?","integer","4","4."
"q23_2","[Appen kunde korrekt beräkna mitt klimatavtryck.] Vi vill nu höra hur du upplevt studiens app Konsumtionskollen och de tillhörande månadsuppdateringarna som du fått via mejl.  I vilken utsträckning instämmer du med följande påståenden?","integer","5","5."
"q23_2","[Appen kunde korrekt beräkna mitt klimatavtryck.] Vi vill nu höra hur du upplevt studiens app Konsumtionskollen och de tillhörande månadsuppdateringarna som du fått via mejl.  I vilken utsträckning instämmer du med följande påståenden?","integer","6","6."
"q23_2","[Appen kunde korrekt beräkna mitt klimatavtryck.] Vi vill nu höra hur du upplevt studiens app Konsumtionskollen och de tillhörande månadsuppdateringarna som du fått via mejl.  I vilken utsträckning instämmer du med följande påståenden?","integer","7","Instämmer helt  7."
"q23_3","[Appen stärkte mina miljövärderingar.] Vi vill nu höra hur du upplevt studiens app Konsumtionskollen och de tillhörande månadsuppdateringarna som du fått via mejl.  I vilken utsträckning instämmer du med följande påståenden?","integer","1","Instämmer inte alls  1."
"q23_3","[Appen stärkte mina miljövärderingar.] Vi vill nu höra hur du upplevt studiens app Konsumtionskollen och de tillhörande månadsuppdateringarna som du fått via mejl.  I vilken utsträckning instämmer du med följande påståenden?","integer","2","2."
"q23_3","[Appen stärkte mina miljövärderingar.] Vi vill nu höra hur du upplevt studiens app Konsumtionskollen och de tillhörande månadsuppdateringarna som du fått via mejl.  I vilken utsträckning instämmer du med följande påståenden?","integer","3","3."
"q23_3","[Appen stärkte mina miljövärderingar.] Vi vill nu höra hur du upplevt studiens app Konsumtionskollen och de tillhörande månadsuppdateringarna som du fått via mejl.  I vilken utsträckning instämmer du med följande påståenden?","integer","4","4."
"q23_3","[Appen stärkte mina miljövärderingar.] Vi vill nu höra hur du upplevt studiens app Konsumtionskollen och de tillhörande månadsuppdateringarna som du fått via mejl.  I vilken utsträckning instämmer du med följande påståenden?","integer","5","5."
"q23_3","[Appen stärkte mina miljövärderingar.] Vi vill nu höra hur du upplevt studiens app Konsumtionskollen och de tillhörande månadsuppdateringarna som du fått via mejl.  I vilken utsträckning instämmer du med följande påståenden?","integer","6","6."
"q23_3","[Appen stärkte mina miljövärderingar.] Vi vill nu höra hur du upplevt studiens app Konsumtionskollen och de tillhörande månadsuppdateringarna som du fått via mejl.  I vilken utsträckning instämmer du med följande påståenden?","integer","7","Instämmer helt  7."
"q23a","Om du inte upplevde att appens beräkningar eller kategoriseringar var korrekt, vänligen beskriv felen eller dina tvivel här:","string",""
"q25_1","[Appen fick mig att känna mig nöjd med mina konsumtionsval.]","integer","1","Instämmer inte alls  1."
"q25_1","[Appen fick mig att känna mig nöjd med mina konsumtionsval.]","integer","2","2."
"q25_1","[Appen fick mig att känna mig nöjd med mina konsumtionsval.]","integer","3","3."
"q25_1","[Appen fick mig att känna mig nöjd med mina konsumtionsval.]","integer","4","4."
"q25_1","[Appen fick mig att känna mig nöjd med mina konsumtionsval.]","integer","5","5."
"q25_1","[Appen fick mig att känna mig nöjd med mina konsumtionsval.]","integer","6","6."
"q25_1","[Appen fick mig att känna mig nöjd med mina konsumtionsval.]","integer","7","Instämmer helt  7."
"q25_2","[Jag såg ofta fram emot att få återkoppling från appen.]","integer","1","Instämmer inte alls  1."
"q25_2","[Jag såg ofta fram emot att få återkoppling från appen.]","integer","2","2."
"q25_2","[Jag såg ofta fram emot att få återkoppling från appen.]","integer","3","3."
"q25_2","[Jag såg ofta fram emot att få återkoppling från appen.]","integer","4","4."
"q25_2","[Jag såg ofta fram emot att få återkoppling från appen.]","integer","5","5."
"q25_2","[Jag såg ofta fram emot att få återkoppling från appen.]","integer","6","6."
"q25_2","[Jag såg ofta fram emot att få återkoppling från appen.]","integer","7","Instämmer helt  7."
"q25_3","[Ibland kände jag oro inför att få återkoppling från appen.]","integer","1","Instämmer inte alls  1."
"q25_3","[Ibland kände jag oro inför att få återkoppling från appen.]","integer","2","2."
"q25_3","[Ibland kände jag oro inför att få återkoppling från appen.]","integer","3","3."
"q25_3","[Ibland kände jag oro inför att få återkoppling från appen.]","integer","4","4."
"q25_3","[Ibland kände jag oro inför att få återkoppling från appen.]","integer","5","5."
"q25_3","[Ibland kände jag oro inför att få återkoppling från appen.]","integer","6","6."
"q25_3","[Ibland kände jag oro inför att få återkoppling från appen.]","integer","7","Instämmer helt  7."
"q25_4","[Appen fick mig att känna mig dålig över mina konsumtionsval.]","integer","1","Instämmer inte alls  1."
"q25_4","[Appen fick mig att känna mig dålig över mina konsumtionsval.]","integer","2","2."
"q25_4","[Appen fick mig att känna mig dålig över mina konsumtionsval.]","integer","3","3."
"q25_4","[Appen fick mig att känna mig dålig över mina konsumtionsval.]","integer","4","4."
"q25_4","[Appen fick mig att känna mig dålig över mina konsumtionsval.]","integer","5","5."
"q25_4","[Appen fick mig att känna mig dålig över mina konsumtionsval.]","integer","6","6."
"q25_4","[Appen fick mig att känna mig dålig över mina konsumtionsval.]","integer","7","Instämmer helt  7."
"q25_5","[Jag upplevde att appen var kontrollerande eller påträngande.]","integer","1","Instämmer inte alls  1."
"q25_5","[Jag upplevde att appen var kontrollerande eller påträngande.]","integer","2","2."
"q25_5","[Jag upplevde att appen var kontrollerande eller påträngande.]","integer","3","3."
"q25_5","[Jag upplevde att appen var kontrollerande eller påträngande.]","integer","4","4."
"q25_5","[Jag upplevde att appen var kontrollerande eller påträngande.]","integer","5","5."
"q25_5","[Jag upplevde att appen var kontrollerande eller påträngande.]","integer","6","6."
"q25_5","[Jag upplevde att appen var kontrollerande eller påträngande.]","integer","7","Instämmer helt  7."
"q25_6","[Appen var intressant och informativ.]","integer","1","Instämmer inte alls  1."
"q25_6","[Appen var intressant och informativ.]","integer","2","2."
"q25_6","[Appen var intressant och informativ.]","integer","3","3."
"q25_6","[Appen var intressant och informativ.]","integer","4","4."
"q25_6","[Appen var intressant och informativ.]","integer","5","5."
"q25_6","[Appen var intressant och informativ.]","integer","6","6."
"q25_6","[Appen var intressant och informativ.]","integer","7","Instämmer helt  7."
"q25_7","[Appen gjorde mig mer medveten om mina konsumtionsbeslut.]","integer","1","Instämmer inte alls  1."
"q25_7","[Appen gjorde mig mer medveten om mina konsumtionsbeslut.]","integer","2","2."
"q25_7","[Appen gjorde mig mer medveten om mina konsumtionsbeslut.]","integer","3","3."
"q25_7","[Appen gjorde mig mer medveten om mina konsumtionsbeslut.]","integer","4","4."
"q25_7","[Appen gjorde mig mer medveten om mina konsumtionsbeslut.]","integer","5","5."
"q25_7","[Appen gjorde mig mer medveten om mina konsumtionsbeslut.]","integer","6","6."
"q25_7","[Appen gjorde mig mer medveten om mina konsumtionsbeslut.]","integer","7","Instämmer helt  7."
"q25_8","[Appen påverkade mina konsumtionsbeslut.]","integer","1","Instämmer inte alls  1."
"q25_8","[Appen påverkade mina konsumtionsbeslut.]","integer","2","2."
"q25_8","[Appen påverkade mina konsumtionsbeslut.]","integer","3","3."
"q25_8","[Appen påverkade mina konsumtionsbeslut.]","integer","4","4."
"q25_8","[Appen påverkade mina konsumtionsbeslut.]","integer","5","5."
"q25_8","[Appen påverkade mina konsumtionsbeslut.]","integer","6","6."
"q25_8","[Appen påverkade mina konsumtionsbeslut.]","integer","7","Instämmer helt  7."
"q25_9","[Mitt politiska engagemang och mina åsikter förändrades under studiens gång.]","integer","1","Instämmer inte alls  1."
"q25_9","[Mitt politiska engagemang och mina åsikter förändrades under studiens gång.]","integer","2","2."
"q25_9","[Mitt politiska engagemang och mina åsikter förändrades under studiens gång.]","integer","3","3."
"q25_9","[Mitt politiska engagemang och mina åsikter förändrades under studiens gång.]","integer","4","4."
"q25_9","[Mitt politiska engagemang och mina åsikter förändrades under studiens gång.]","integer","5","5."
"q25_9","[Mitt politiska engagemang och mina åsikter förändrades under studiens gång.]","integer","6","6."
"q25_9","[Mitt politiska engagemang och mina åsikter förändrades under studiens gång.]","integer","7","Instämmer helt  7."
"q32","Vad tror du att denna studie handlar om?","string",""
"q33","Skulle du vara intresserad av att delta i liknande studier i framtiden?","integer","1","Ja"
"q33","Skulle du vara intresserad av att delta i liknande studier i framtiden?","integer","2","Nej"
"q34","Skulle du rekommendera en släkting eller vän att delta i en liknande studie?","integer","1","Ja"
"q34","Skulle du rekommendera en släkting eller vän att delta i en liknande studie?","integer","2","Nej"
"q35","Har du några andra synpunkter på studien får du gärna dela med dig.","string",""
"slump1","{if (slump1>=1, slump1,floor(rand(1,10.9999)))}","string",""
"grupp1","{if(slump1","string",""
"slump2","{if (slump2>=1, slump2,floor(rand(1,3.9999)))}","string",""
"Vingrette1_SQ001","[ ] I den här studien har du blivit uppmuntrad att konsumera mer miljövänligt. Vissa forskare tror att sådan uppmuntran kan försvaga stödet för miljöpolitik, något som vi vill undersöka i den här studien. Givet detta, vänlig ange igen vad du ty","integer","1","Mycket dåligt förslag"
"Vingrette1_SQ001","[ ] I den här studien har du blivit uppmuntrad att konsumera mer miljövänligt. Vissa forskare tror att sådan uppmuntran kan försvaga stödet för miljöpolitik, något som vi vill undersöka i den här studien. Givet detta, vänlig ange igen vad du ty","integer","2","Ganska dåligt förslag"
"Vingrette1_SQ001","[ ] I den här studien har du blivit uppmuntrad att konsumera mer miljövänligt. Vissa forskare tror att sådan uppmuntran kan försvaga stödet för miljöpolitik, något som vi vill undersöka i den här studien. Givet detta, vänlig ange igen vad du ty","integer","3","Varken bra eller dåligt förslag"
"Vingrette1_SQ001","[ ] I den här studien har du blivit uppmuntrad att konsumera mer miljövänligt. Vissa forskare tror att sådan uppmuntran kan försvaga stödet för miljöpolitik, något som vi vill undersöka i den här studien. Givet detta, vänlig ange igen vad du ty","integer","4","Ganska bra förslag"
"Vingrette1_SQ001","[ ] I den här studien har du blivit uppmuntrad att konsumera mer miljövänligt. Vissa forskare tror att sådan uppmuntran kan försvaga stödet för miljöpolitik, något som vi vill undersöka i den här studien. Givet detta, vänlig ange igen vad du ty","integer","5","Mycket bra förslag"
"Vingrette1_SQ001","[ ] I den här studien har du blivit uppmuntrad att konsumera mer miljövänligt. Vissa forskare tror att sådan uppmuntran kan försvaga stödet för miljöpolitik, något som vi vill undersöka i den här studien. Givet detta, vänlig ange igen vad du ty","integer","999","Ingen uppfattning"
"Vingrette2_SQ001","[ ] I den här studien har du blivit uppmuntrad att konsumera mer miljövänligt. Vissa forskare tror att sådan uppmuntran kan förstärka stödet för miljöpolitik, något som vi vill undersöka i den här studien. Givet detta, vänlig ange igen vad du ","integer","1","Mycket dåligt förslag"
"Vingrette2_SQ001","[ ] I den här studien har du blivit uppmuntrad att konsumera mer miljövänligt. Vissa forskare tror att sådan uppmuntran kan förstärka stödet för miljöpolitik, något som vi vill undersöka i den här studien. Givet detta, vänlig ange igen vad du ","integer","2","Ganska dåligt förslag"
"Vingrette2_SQ001","[ ] I den här studien har du blivit uppmuntrad att konsumera mer miljövänligt. Vissa forskare tror att sådan uppmuntran kan förstärka stödet för miljöpolitik, något som vi vill undersöka i den här studien. Givet detta, vänlig ange igen vad du ","integer","3","Varken bra eller dåligt förslag"
"Vingrette2_SQ001","[ ] I den här studien har du blivit uppmuntrad att konsumera mer miljövänligt. Vissa forskare tror att sådan uppmuntran kan förstärka stödet för miljöpolitik, något som vi vill undersöka i den här studien. Givet detta, vänlig ange igen vad du ","integer","4","Ganska bra förslag"
"Vingrette2_SQ001","[ ] I den här studien har du blivit uppmuntrad att konsumera mer miljövänligt. Vissa forskare tror att sådan uppmuntran kan förstärka stödet för miljöpolitik, något som vi vill undersöka i den här studien. Givet detta, vänlig ange igen vad du ","integer","5","Mycket bra förslag"
"Vingrette2_SQ001","[ ] I den här studien har du blivit uppmuntrad att konsumera mer miljövänligt. Vissa forskare tror att sådan uppmuntran kan förstärka stödet för miljöpolitik, något som vi vill undersöka i den här studien. Givet detta, vänlig ange igen vad du ","integer","999","Ingen uppfattning"
"Vingrette3_SQ001","[ ] Vi vill fråga dig igen om vad du tycker om följande politiska förslag:  Höj koldioxidskatten för att minska utsläppen, med en förväntad ökning av utgifter för hushåll och företag i förhållande till hur mycket koldioxid de släpper ut.","integer","1","Mycket dåligt förslag"
"Vingrette3_SQ001","[ ] Vi vill fråga dig igen om vad du tycker om följande politiska förslag:  Höj koldioxidskatten för att minska utsläppen, med en förväntad ökning av utgifter för hushåll och företag i förhållande till hur mycket koldioxid de släpper ut.","integer","2","Ganska dåligt förslag"
"Vingrette3_SQ001","[ ] Vi vill fråga dig igen om vad du tycker om följande politiska förslag:  Höj koldioxidskatten för att minska utsläppen, med en förväntad ökning av utgifter för hushåll och företag i förhållande till hur mycket koldioxid de släpper ut.","integer","3","Varken bra eller dåligt förslag"
"Vingrette3_SQ001","[ ] Vi vill fråga dig igen om vad du tycker om följande politiska förslag:  Höj koldioxidskatten för att minska utsläppen, med en förväntad ökning av utgifter för hushåll och företag i förhållande till hur mycket koldioxid de släpper ut.","integer","4","Ganska bra förslag"
"Vingrette3_SQ001","[ ] Vi vill fråga dig igen om vad du tycker om följande politiska förslag:  Höj koldioxidskatten för att minska utsläppen, med en förväntad ökning av utgifter för hushåll och företag i förhållande till hur mycket koldioxid de släpper ut.","integer","5","Mycket bra förslag"
"Vingrette3_SQ001","[ ] Vi vill fråga dig igen om vad du tycker om följande politiska förslag:  Höj koldioxidskatten för att minska utsläppen, med en förväntad ökning av utgifter för hushåll och företag i förhållande till hur mycket koldioxid de släpper ut.","integer","999","Ingen uppfattning"
"swish_telefon","[Ange ditt telefonnummer:] För att få eventuell extra ersättning via Swish, ange dina Swish-uppgifter här. Om du föredrar ersättning via presentkort behöver du inte fylla i dessa uppgifter – vi kontaktar dig via e-post om du har rätt till ytterli","integer",""
"swish_personnr","[Ange ditt personnummer:] För att få eventuell extra ersättning via Swish, ange dina Swish-uppgifter här. Om du föredrar ersättning via presentkort behöver du inte fylla i dessa uppgifter – vi kontaktar dig via e-post om du har rätt till ytterlig","integer",""
