"Name","Label","Type","Value","Value label"
"firstname","Förnamn","string",""
"lastname","Efternamn","string",""
"email","E-postadress","string",""
"emailstatus","E-poststatus","string",""
"language","Språkkod","string",""
"sent","Datum inbjudan skickades","string",""
"remindersent","Senaste datum för påminnelse","string",""
"remindercount","Antal skickade påminnelser","string",""
"usesleft","Användningar kvar","string",""
"id","id","integer",""
"submitdate","submitdate","date",""
"lastpage","lastpage","integer",""
"startlanguage","startlanguage","string",""
"seed","seed","string",""
"token","token","string",""
"startdate","startdate","date",""
"datestamp","datestamp","date",""
"slump1_1","","string",""
"slump1_2","","string",""
"slump1_3","","string",""
"slump1_4","","string",""
"rid","","string",""
"q0","Som tack för att du deltar i studien kan vi erbjuda dig en belöning efter registrering. Belöningen är en elektronisk trisslott (värde 30kr).  Vill du att vi skickar dig belöningen?  (du kommer att erbjudas ytterligare en trisslott om ca 6 månader so","integer","0","Nej tack! Jag avstår från belöningen den här gången."
"q0","Som tack för att du deltar i studien kan vi erbjuda dig en belöning efter registrering. Belöningen är en elektronisk trisslott (värde 30kr).  Vill du att vi skickar dig belöningen?  (du kommer att erbjudas ytterligare en trisslott om ca 6 månader so","integer","1","Ja tack! Jag vill gärna att ni skickar belöningen till mig efter att jag registrerat mig."
"q1","Hur intresserad är du i allmänhet av politik?","integer","1","Inte alls intresserad"
"q1","Hur intresserad är du i allmänhet av politik?","integer","2","Inte särskilt intresserad"
"q1","Hur intresserad är du i allmänhet av politik?","integer","3","Ganska intresserad"
"q1","Hur intresserad är du i allmänhet av politik?","integer","4","Mycket intresserad"
"array1_1","[Ökad antibiotikaresistens] Hur allvarligt tycker du att följande problem är just nu?","integer","1","1 Inte alls ett allvarligt problem"
"array1_1","[Ökad antibiotikaresistens] Hur allvarligt tycker du att följande problem är just nu?","integer","2","2"
"array1_1","[Ökad antibiotikaresistens] Hur allvarligt tycker du att följande problem är just nu?","integer","3","3"
"array1_1","[Ökad antibiotikaresistens] Hur allvarligt tycker du att följande problem är just nu?","integer","4","4"
"array1_1","[Ökad antibiotikaresistens] Hur allvarligt tycker du att följande problem är just nu?","integer","5","5"
"array1_1","[Ökad antibiotikaresistens] Hur allvarligt tycker du att följande problem är just nu?","integer","6","6"
"array1_1","[Ökad antibiotikaresistens] Hur allvarligt tycker du att följande problem är just nu?","integer","7","7"
"array1_1","[Ökad antibiotikaresistens] Hur allvarligt tycker du att följande problem är just nu?","integer","8","8"
"array1_1","[Ökad antibiotikaresistens] Hur allvarligt tycker du att följande problem är just nu?","integer","9","9"
"array1_1","[Ökad antibiotikaresistens] Hur allvarligt tycker du att följande problem är just nu?","integer","10","10 Ett extremt allvarligt problem"
"array1_2","[Klimatförändringarna] Hur allvarligt tycker du att följande problem är just nu?","integer","1","1 Inte alls ett allvarligt problem"
"array1_2","[Klimatförändringarna] Hur allvarligt tycker du att följande problem är just nu?","integer","2","2"
"array1_2","[Klimatförändringarna] Hur allvarligt tycker du att följande problem är just nu?","integer","3","3"
"array1_2","[Klimatförändringarna] Hur allvarligt tycker du att följande problem är just nu?","integer","4","4"
"array1_2","[Klimatförändringarna] Hur allvarligt tycker du att följande problem är just nu?","integer","5","5"
"array1_2","[Klimatförändringarna] Hur allvarligt tycker du att följande problem är just nu?","integer","6","6"
"array1_2","[Klimatförändringarna] Hur allvarligt tycker du att följande problem är just nu?","integer","7","7"
"array1_2","[Klimatförändringarna] Hur allvarligt tycker du att följande problem är just nu?","integer","8","8"
"array1_2","[Klimatförändringarna] Hur allvarligt tycker du att följande problem är just nu?","integer","9","9"
"array1_2","[Klimatförändringarna] Hur allvarligt tycker du att följande problem är just nu?","integer","10","10 Ett extremt allvarligt problem"
"array1_3","[Utrotning av växt- och djurarter] Hur allvarligt tycker du att följande problem är just nu?","integer","1","1 Inte alls ett allvarligt problem"
"array1_3","[Utrotning av växt- och djurarter] Hur allvarligt tycker du att följande problem är just nu?","integer","2","2"
"array1_3","[Utrotning av växt- och djurarter] Hur allvarligt tycker du att följande problem är just nu?","integer","3","3"
"array1_3","[Utrotning av växt- och djurarter] Hur allvarligt tycker du att följande problem är just nu?","integer","4","4"
"array1_3","[Utrotning av växt- och djurarter] Hur allvarligt tycker du att följande problem är just nu?","integer","5","5"
"array1_3","[Utrotning av växt- och djurarter] Hur allvarligt tycker du att följande problem är just nu?","integer","6","6"
"array1_3","[Utrotning av växt- och djurarter] Hur allvarligt tycker du att följande problem är just nu?","integer","7","7"
"array1_3","[Utrotning av växt- och djurarter] Hur allvarligt tycker du att följande problem är just nu?","integer","8","8"
"array1_3","[Utrotning av växt- och djurarter] Hur allvarligt tycker du att följande problem är just nu?","integer","9","9"
"array1_3","[Utrotning av växt- och djurarter] Hur allvarligt tycker du att följande problem är just nu?","integer","10","10 Ett extremt allvarligt problem"
"array1_4","[Global fattigdom och svält] Hur allvarligt tycker du att följande problem är just nu?","integer","1","1 Inte alls ett allvarligt problem"
"array1_4","[Global fattigdom och svält] Hur allvarligt tycker du att följande problem är just nu?","integer","2","2"
"array1_4","[Global fattigdom och svält] Hur allvarligt tycker du att följande problem är just nu?","integer","3","3"
"array1_4","[Global fattigdom och svält] Hur allvarligt tycker du att följande problem är just nu?","integer","4","4"
"array1_4","[Global fattigdom och svält] Hur allvarligt tycker du att följande problem är just nu?","integer","5","5"
"array1_4","[Global fattigdom och svält] Hur allvarligt tycker du att följande problem är just nu?","integer","6","6"
"array1_4","[Global fattigdom och svält] Hur allvarligt tycker du att följande problem är just nu?","integer","7","7"
"array1_4","[Global fattigdom och svält] Hur allvarligt tycker du att följande problem är just nu?","integer","8","8"
"array1_4","[Global fattigdom och svält] Hur allvarligt tycker du att följande problem är just nu?","integer","9","9"
"array1_4","[Global fattigdom och svält] Hur allvarligt tycker du att följande problem är just nu?","integer","10","10 Ett extremt allvarligt problem"
"array1_5","[Internationell terrorism] Hur allvarligt tycker du att följande problem är just nu?","integer","1","1 Inte alls ett allvarligt problem"
"array1_5","[Internationell terrorism] Hur allvarligt tycker du att följande problem är just nu?","integer","2","2"
"array1_5","[Internationell terrorism] Hur allvarligt tycker du att följande problem är just nu?","integer","3","3"
"array1_5","[Internationell terrorism] Hur allvarligt tycker du att följande problem är just nu?","integer","4","4"
"array1_5","[Internationell terrorism] Hur allvarligt tycker du att följande problem är just nu?","integer","5","5"
"array1_5","[Internationell terrorism] Hur allvarligt tycker du att följande problem är just nu?","integer","6","6"
"array1_5","[Internationell terrorism] Hur allvarligt tycker du att följande problem är just nu?","integer","7","7"
"array1_5","[Internationell terrorism] Hur allvarligt tycker du att följande problem är just nu?","integer","8","8"
"array1_5","[Internationell terrorism] Hur allvarligt tycker du att följande problem är just nu?","integer","9","9"
"array1_5","[Internationell terrorism] Hur allvarligt tycker du att följande problem är just nu?","integer","10","10 Ett extremt allvarligt problem"
"array1_6","[Organiserad brottslighet] Hur allvarligt tycker du att följande problem är just nu?","integer","1","1 Inte alls ett allvarligt problem"
"array1_6","[Organiserad brottslighet] Hur allvarligt tycker du att följande problem är just nu?","integer","2","2"
"array1_6","[Organiserad brottslighet] Hur allvarligt tycker du att följande problem är just nu?","integer","3","3"
"array1_6","[Organiserad brottslighet] Hur allvarligt tycker du att följande problem är just nu?","integer","4","4"
"array1_6","[Organiserad brottslighet] Hur allvarligt tycker du att följande problem är just nu?","integer","5","5"
"array1_6","[Organiserad brottslighet] Hur allvarligt tycker du att följande problem är just nu?","integer","6","6"
"array1_6","[Organiserad brottslighet] Hur allvarligt tycker du att följande problem är just nu?","integer","7","7"
"array1_6","[Organiserad brottslighet] Hur allvarligt tycker du att följande problem är just nu?","integer","8","8"
"array1_6","[Organiserad brottslighet] Hur allvarligt tycker du att följande problem är just nu?","integer","9","9"
"array1_6","[Organiserad brottslighet] Hur allvarligt tycker du att följande problem är just nu?","integer","10","10 Ett extremt allvarligt problem"
"array1_7","[Stor arbetslöshet] Hur allvarligt tycker du att följande problem är just nu?","integer","1","1 Inte alls ett allvarligt problem"
"array1_7","[Stor arbetslöshet] Hur allvarligt tycker du att följande problem är just nu?","integer","2","2"
"array1_7","[Stor arbetslöshet] Hur allvarligt tycker du att följande problem är just nu?","integer","3","3"
"array1_7","[Stor arbetslöshet] Hur allvarligt tycker du att följande problem är just nu?","integer","4","4"
"array1_7","[Stor arbetslöshet] Hur allvarligt tycker du att följande problem är just nu?","integer","5","5"
"array1_7","[Stor arbetslöshet] Hur allvarligt tycker du att följande problem är just nu?","integer","6","6"
"array1_7","[Stor arbetslöshet] Hur allvarligt tycker du att följande problem är just nu?","integer","7","7"
"array1_7","[Stor arbetslöshet] Hur allvarligt tycker du att följande problem är just nu?","integer","8","8"
"array1_7","[Stor arbetslöshet] Hur allvarligt tycker du att följande problem är just nu?","integer","9","9"
"array1_7","[Stor arbetslöshet] Hur allvarligt tycker du att följande problem är just nu?","integer","10","10 Ett extremt allvarligt problem"
"array1_8","[Militära konflikter] Hur allvarligt tycker du att följande problem är just nu?","integer","1","1 Inte alls ett allvarligt problem"
"array1_8","[Militära konflikter] Hur allvarligt tycker du att följande problem är just nu?","integer","2","2"
"array1_8","[Militära konflikter] Hur allvarligt tycker du att följande problem är just nu?","integer","3","3"
"array1_8","[Militära konflikter] Hur allvarligt tycker du att följande problem är just nu?","integer","4","4"
"array1_8","[Militära konflikter] Hur allvarligt tycker du att följande problem är just nu?","integer","5","5"
"array1_8","[Militära konflikter] Hur allvarligt tycker du att följande problem är just nu?","integer","6","6"
"array1_8","[Militära konflikter] Hur allvarligt tycker du att följande problem är just nu?","integer","7","7"
"array1_8","[Militära konflikter] Hur allvarligt tycker du att följande problem är just nu?","integer","8","8"
"array1_8","[Militära konflikter] Hur allvarligt tycker du att följande problem är just nu?","integer","9","9"
"array1_8","[Militära konflikter] Hur allvarligt tycker du att följande problem är just nu?","integer","10","10 Ett extremt allvarligt problem"
"array1_9","[Globala epidemier] Hur allvarligt tycker du att följande problem är just nu?","integer","1","1 Inte alls ett allvarligt problem"
"array1_9","[Globala epidemier] Hur allvarligt tycker du att följande problem är just nu?","integer","2","2"
"array1_9","[Globala epidemier] Hur allvarligt tycker du att följande problem är just nu?","integer","3","3"
"array1_9","[Globala epidemier] Hur allvarligt tycker du att följande problem är just nu?","integer","4","4"
"array1_9","[Globala epidemier] Hur allvarligt tycker du att följande problem är just nu?","integer","5","5"
"array1_9","[Globala epidemier] Hur allvarligt tycker du att följande problem är just nu?","integer","6","6"
"array1_9","[Globala epidemier] Hur allvarligt tycker du att följande problem är just nu?","integer","7","7"
"array1_9","[Globala epidemier] Hur allvarligt tycker du att följande problem är just nu?","integer","8","8"
"array1_9","[Globala epidemier] Hur allvarligt tycker du att följande problem är just nu?","integer","9","9"
"array1_9","[Globala epidemier] Hur allvarligt tycker du att följande problem är just nu?","integer","10","10 Ett extremt allvarligt problem"
"array1_10","[Ökade sociala klyftor] Hur allvarligt tycker du att följande problem är just nu?","integer","1","1 Inte alls ett allvarligt problem"
"array1_10","[Ökade sociala klyftor] Hur allvarligt tycker du att följande problem är just nu?","integer","2","2"
"array1_10","[Ökade sociala klyftor] Hur allvarligt tycker du att följande problem är just nu?","integer","3","3"
"array1_10","[Ökade sociala klyftor] Hur allvarligt tycker du att följande problem är just nu?","integer","4","4"
"array1_10","[Ökade sociala klyftor] Hur allvarligt tycker du att följande problem är just nu?","integer","5","5"
"array1_10","[Ökade sociala klyftor] Hur allvarligt tycker du att följande problem är just nu?","integer","6","6"
"array1_10","[Ökade sociala klyftor] Hur allvarligt tycker du att följande problem är just nu?","integer","7","7"
"array1_10","[Ökade sociala klyftor] Hur allvarligt tycker du att följande problem är just nu?","integer","8","8"
"array1_10","[Ökade sociala klyftor] Hur allvarligt tycker du att följande problem är just nu?","integer","9","9"
"array1_10","[Ökade sociala klyftor] Hur allvarligt tycker du att följande problem är just nu?","integer","10","10 Ett extremt allvarligt problem"
"q3","Man talar ibland om att politiska åsikter kan placeras in på en vänster–högerskala. Var någonstans skulle du placera dig själv på en sådan skala?","integer","1","Klart till vänster"
"q3","Man talar ibland om att politiska åsikter kan placeras in på en vänster–högerskala. Var någonstans skulle du placera dig själv på en sådan skala?","integer","2","Något till vänster"
"q3","Man talar ibland om att politiska åsikter kan placeras in på en vänster–högerskala. Var någonstans skulle du placera dig själv på en sådan skala?","integer","3","Varken till vänster eller till höger"
"q3","Man talar ibland om att politiska åsikter kan placeras in på en vänster–högerskala. Var någonstans skulle du placera dig själv på en sådan skala?","integer","4","Något till höger"
"q3","Man talar ibland om att politiska åsikter kan placeras in på en vänster–högerskala. Var någonstans skulle du placera dig själv på en sådan skala?","integer","5","Klart till höger"
"q4","Planerar du att rösta i årets Europaparlamentsval den 9 juni?","integer","1","Ja"
"q4","Planerar du att rösta i årets Europaparlamentsval den 9 juni?","integer","2","Obeslutsam"
"q4","Planerar du att rösta i årets Europaparlamentsval den 9 juni?","integer","3","Nej"
"q5","Om du planerar att rösta i Europaparlamentsvalet, är du säker på vilket parti du ska rösta på eller tvekar du mellan olika partier?","integer","1","Ja, jag är säker"
"q5","Om du planerar att rösta i Europaparlamentsvalet, är du säker på vilket parti du ska rösta på eller tvekar du mellan olika partier?","integer","2","Nej, jag tvekar mellan olika partier"
"q6","Vilket parti skulle du rösta på om det vore val till Europaparlamentet idag?","integer","1","Vänsterpartiet"
"q6","Vilket parti skulle du rösta på om det vore val till Europaparlamentet idag?","integer","2","Liberalerna"
"q6","Vilket parti skulle du rösta på om det vore val till Europaparlamentet idag?","integer","3","Miljöpartiet"
"q6","Vilket parti skulle du rösta på om det vore val till Europaparlamentet idag?","integer","4","Socialdemokraterna"
"q6","Vilket parti skulle du rösta på om det vore val till Europaparlamentet idag?","integer","5","Moderaterna"
"q6","Vilket parti skulle du rösta på om det vore val till Europaparlamentet idag?","integer","6","Sverigedemokraterna"
"q6","Vilket parti skulle du rösta på om det vore val till Europaparlamentet idag?","integer","7","Centerpartiet"
"q6","Vilket parti skulle du rösta på om det vore val till Europaparlamentet idag?","integer","8","Kristdemokraterna"
"q6","Vilket parti skulle du rösta på om det vore val till Europaparlamentet idag?","integer","9","Annat"
"q6_other_text","[Annat] Vilket parti skulle du rösta på om det vore val till Europaparlamentet idag?","string",""
"q7","Anser du dig vara en övertygad anhängare av detta parti?","integer","1","Ja, mycket övertygad"
"q7","Anser du dig vara en övertygad anhängare av detta parti?","integer","2","Ja, något övertygad"
"q7","Anser du dig vara en övertygad anhängare av detta parti?","integer","3","Nej"
"q8_1","[Rangordning 1] Med Europaparlamentsvalet i åtanke, vänligen rangordna de politiska partierna baserat på hur nära de ligger i linje med dina egna politiska åsikter.  Placera det parti som ligger närmast dina egna åsikter överst.","integer","1","Vänsterpartiet"
"q8_1","[Rangordning 1] Med Europaparlamentsvalet i åtanke, vänligen rangordna de politiska partierna baserat på hur nära de ligger i linje med dina egna politiska åsikter.  Placera det parti som ligger närmast dina egna åsikter överst.","integer","2","Liberalerna"
"q8_1","[Rangordning 1] Med Europaparlamentsvalet i åtanke, vänligen rangordna de politiska partierna baserat på hur nära de ligger i linje med dina egna politiska åsikter.  Placera det parti som ligger närmast dina egna åsikter överst.","integer","3","Miljöpartiet"
"q8_1","[Rangordning 1] Med Europaparlamentsvalet i åtanke, vänligen rangordna de politiska partierna baserat på hur nära de ligger i linje med dina egna politiska åsikter.  Placera det parti som ligger närmast dina egna åsikter överst.","integer","4","Social­demokraterna"
"q8_1","[Rangordning 1] Med Europaparlamentsvalet i åtanke, vänligen rangordna de politiska partierna baserat på hur nära de ligger i linje med dina egna politiska åsikter.  Placera det parti som ligger närmast dina egna åsikter överst.","integer","5","Moderaterna"
"q8_1","[Rangordning 1] Med Europaparlamentsvalet i åtanke, vänligen rangordna de politiska partierna baserat på hur nära de ligger i linje med dina egna politiska åsikter.  Placera det parti som ligger närmast dina egna åsikter överst.","integer","6","Sverige­demokraterna"
"q8_1","[Rangordning 1] Med Europaparlamentsvalet i åtanke, vänligen rangordna de politiska partierna baserat på hur nära de ligger i linje med dina egna politiska åsikter.  Placera det parti som ligger närmast dina egna åsikter överst.","integer","7","Centerpartiet"
"q8_1","[Rangordning 1] Med Europaparlamentsvalet i åtanke, vänligen rangordna de politiska partierna baserat på hur nära de ligger i linje med dina egna politiska åsikter.  Placera det parti som ligger närmast dina egna åsikter överst.","integer","8","Krist­demokraterna"
"q8_2","[Rangordning 2] Med Europaparlamentsvalet i åtanke, vänligen rangordna de politiska partierna baserat på hur nära de ligger i linje med dina egna politiska åsikter.  Placera det parti som ligger närmast dina egna åsikter överst.","integer","1","Vänsterpartiet"
"q8_2","[Rangordning 2] Med Europaparlamentsvalet i åtanke, vänligen rangordna de politiska partierna baserat på hur nära de ligger i linje med dina egna politiska åsikter.  Placera det parti som ligger närmast dina egna åsikter överst.","integer","2","Liberalerna"
"q8_2","[Rangordning 2] Med Europaparlamentsvalet i åtanke, vänligen rangordna de politiska partierna baserat på hur nära de ligger i linje med dina egna politiska åsikter.  Placera det parti som ligger närmast dina egna åsikter överst.","integer","3","Miljöpartiet"
"q8_2","[Rangordning 2] Med Europaparlamentsvalet i åtanke, vänligen rangordna de politiska partierna baserat på hur nära de ligger i linje med dina egna politiska åsikter.  Placera det parti som ligger närmast dina egna åsikter överst.","integer","4","Social­demokraterna"
"q8_2","[Rangordning 2] Med Europaparlamentsvalet i åtanke, vänligen rangordna de politiska partierna baserat på hur nära de ligger i linje med dina egna politiska åsikter.  Placera det parti som ligger närmast dina egna åsikter överst.","integer","5","Moderaterna"
"q8_2","[Rangordning 2] Med Europaparlamentsvalet i åtanke, vänligen rangordna de politiska partierna baserat på hur nära de ligger i linje med dina egna politiska åsikter.  Placera det parti som ligger närmast dina egna åsikter överst.","integer","6","Sverige­demokraterna"
"q8_2","[Rangordning 2] Med Europaparlamentsvalet i åtanke, vänligen rangordna de politiska partierna baserat på hur nära de ligger i linje med dina egna politiska åsikter.  Placera det parti som ligger närmast dina egna åsikter överst.","integer","7","Centerpartiet"
"q8_2","[Rangordning 2] Med Europaparlamentsvalet i åtanke, vänligen rangordna de politiska partierna baserat på hur nära de ligger i linje med dina egna politiska åsikter.  Placera det parti som ligger närmast dina egna åsikter överst.","integer","8","Krist­demokraterna"
"q8_3","[Rangordning 3] Med Europaparlamentsvalet i åtanke, vänligen rangordna de politiska partierna baserat på hur nära de ligger i linje med dina egna politiska åsikter.  Placera det parti som ligger närmast dina egna åsikter överst.","integer","1","Vänsterpartiet"
"q8_3","[Rangordning 3] Med Europaparlamentsvalet i åtanke, vänligen rangordna de politiska partierna baserat på hur nära de ligger i linje med dina egna politiska åsikter.  Placera det parti som ligger närmast dina egna åsikter överst.","integer","2","Liberalerna"
"q8_3","[Rangordning 3] Med Europaparlamentsvalet i åtanke, vänligen rangordna de politiska partierna baserat på hur nära de ligger i linje med dina egna politiska åsikter.  Placera det parti som ligger närmast dina egna åsikter överst.","integer","3","Miljöpartiet"
"q8_3","[Rangordning 3] Med Europaparlamentsvalet i åtanke, vänligen rangordna de politiska partierna baserat på hur nära de ligger i linje med dina egna politiska åsikter.  Placera det parti som ligger närmast dina egna åsikter överst.","integer","4","Social­demokraterna"
"q8_3","[Rangordning 3] Med Europaparlamentsvalet i åtanke, vänligen rangordna de politiska partierna baserat på hur nära de ligger i linje med dina egna politiska åsikter.  Placera det parti som ligger närmast dina egna åsikter överst.","integer","5","Moderaterna"
"q8_3","[Rangordning 3] Med Europaparlamentsvalet i åtanke, vänligen rangordna de politiska partierna baserat på hur nära de ligger i linje med dina egna politiska åsikter.  Placera det parti som ligger närmast dina egna åsikter överst.","integer","6","Sverige­demokraterna"
"q8_3","[Rangordning 3] Med Europaparlamentsvalet i åtanke, vänligen rangordna de politiska partierna baserat på hur nära de ligger i linje med dina egna politiska åsikter.  Placera det parti som ligger närmast dina egna åsikter överst.","integer","7","Centerpartiet"
"q8_3","[Rangordning 3] Med Europaparlamentsvalet i åtanke, vänligen rangordna de politiska partierna baserat på hur nära de ligger i linje med dina egna politiska åsikter.  Placera det parti som ligger närmast dina egna åsikter överst.","integer","8","Krist­demokraterna"
"q8_4","[Rangordning 4] Med Europaparlamentsvalet i åtanke, vänligen rangordna de politiska partierna baserat på hur nära de ligger i linje med dina egna politiska åsikter.  Placera det parti som ligger närmast dina egna åsikter överst.","integer","1","Vänsterpartiet"
"q8_4","[Rangordning 4] Med Europaparlamentsvalet i åtanke, vänligen rangordna de politiska partierna baserat på hur nära de ligger i linje med dina egna politiska åsikter.  Placera det parti som ligger närmast dina egna åsikter överst.","integer","2","Liberalerna"
"q8_4","[Rangordning 4] Med Europaparlamentsvalet i åtanke, vänligen rangordna de politiska partierna baserat på hur nära de ligger i linje med dina egna politiska åsikter.  Placera det parti som ligger närmast dina egna åsikter överst.","integer","3","Miljöpartiet"
"q8_4","[Rangordning 4] Med Europaparlamentsvalet i åtanke, vänligen rangordna de politiska partierna baserat på hur nära de ligger i linje med dina egna politiska åsikter.  Placera det parti som ligger närmast dina egna åsikter överst.","integer","4","Social­demokraterna"
"q8_4","[Rangordning 4] Med Europaparlamentsvalet i åtanke, vänligen rangordna de politiska partierna baserat på hur nära de ligger i linje med dina egna politiska åsikter.  Placera det parti som ligger närmast dina egna åsikter överst.","integer","5","Moderaterna"
"q8_4","[Rangordning 4] Med Europaparlamentsvalet i åtanke, vänligen rangordna de politiska partierna baserat på hur nära de ligger i linje med dina egna politiska åsikter.  Placera det parti som ligger närmast dina egna åsikter överst.","integer","6","Sverige­demokraterna"
"q8_4","[Rangordning 4] Med Europaparlamentsvalet i åtanke, vänligen rangordna de politiska partierna baserat på hur nära de ligger i linje med dina egna politiska åsikter.  Placera det parti som ligger närmast dina egna åsikter överst.","integer","7","Centerpartiet"
"q8_4","[Rangordning 4] Med Europaparlamentsvalet i åtanke, vänligen rangordna de politiska partierna baserat på hur nära de ligger i linje med dina egna politiska åsikter.  Placera det parti som ligger närmast dina egna åsikter överst.","integer","8","Krist­demokraterna"
"q8_5","[Rangordning 5] Med Europaparlamentsvalet i åtanke, vänligen rangordna de politiska partierna baserat på hur nära de ligger i linje med dina egna politiska åsikter.  Placera det parti som ligger närmast dina egna åsikter överst.","integer","1","Vänsterpartiet"
"q8_5","[Rangordning 5] Med Europaparlamentsvalet i åtanke, vänligen rangordna de politiska partierna baserat på hur nära de ligger i linje med dina egna politiska åsikter.  Placera det parti som ligger närmast dina egna åsikter överst.","integer","2","Liberalerna"
"q8_5","[Rangordning 5] Med Europaparlamentsvalet i åtanke, vänligen rangordna de politiska partierna baserat på hur nära de ligger i linje med dina egna politiska åsikter.  Placera det parti som ligger närmast dina egna åsikter överst.","integer","3","Miljöpartiet"
"q8_5","[Rangordning 5] Med Europaparlamentsvalet i åtanke, vänligen rangordna de politiska partierna baserat på hur nära de ligger i linje med dina egna politiska åsikter.  Placera det parti som ligger närmast dina egna åsikter överst.","integer","4","Social­demokraterna"
"q8_5","[Rangordning 5] Med Europaparlamentsvalet i åtanke, vänligen rangordna de politiska partierna baserat på hur nära de ligger i linje med dina egna politiska åsikter.  Placera det parti som ligger närmast dina egna åsikter överst.","integer","5","Moderaterna"
"q8_5","[Rangordning 5] Med Europaparlamentsvalet i åtanke, vänligen rangordna de politiska partierna baserat på hur nära de ligger i linje med dina egna politiska åsikter.  Placera det parti som ligger närmast dina egna åsikter överst.","integer","6","Sverige­demokraterna"
"q8_5","[Rangordning 5] Med Europaparlamentsvalet i åtanke, vänligen rangordna de politiska partierna baserat på hur nära de ligger i linje med dina egna politiska åsikter.  Placera det parti som ligger närmast dina egna åsikter överst.","integer","7","Centerpartiet"
"q8_5","[Rangordning 5] Med Europaparlamentsvalet i åtanke, vänligen rangordna de politiska partierna baserat på hur nära de ligger i linje med dina egna politiska åsikter.  Placera det parti som ligger närmast dina egna åsikter överst.","integer","8","Krist­demokraterna"
"q8_6","[Rangordning 6] Med Europaparlamentsvalet i åtanke, vänligen rangordna de politiska partierna baserat på hur nära de ligger i linje med dina egna politiska åsikter.  Placera det parti som ligger närmast dina egna åsikter överst.","integer","1","Vänsterpartiet"
"q8_6","[Rangordning 6] Med Europaparlamentsvalet i åtanke, vänligen rangordna de politiska partierna baserat på hur nära de ligger i linje med dina egna politiska åsikter.  Placera det parti som ligger närmast dina egna åsikter överst.","integer","2","Liberalerna"
"q8_6","[Rangordning 6] Med Europaparlamentsvalet i åtanke, vänligen rangordna de politiska partierna baserat på hur nära de ligger i linje med dina egna politiska åsikter.  Placera det parti som ligger närmast dina egna åsikter överst.","integer","3","Miljöpartiet"
"q8_6","[Rangordning 6] Med Europaparlamentsvalet i åtanke, vänligen rangordna de politiska partierna baserat på hur nära de ligger i linje med dina egna politiska åsikter.  Placera det parti som ligger närmast dina egna åsikter överst.","integer","4","Social­demokraterna"
"q8_6","[Rangordning 6] Med Europaparlamentsvalet i åtanke, vänligen rangordna de politiska partierna baserat på hur nära de ligger i linje med dina egna politiska åsikter.  Placera det parti som ligger närmast dina egna åsikter överst.","integer","5","Moderaterna"
"q8_6","[Rangordning 6] Med Europaparlamentsvalet i åtanke, vänligen rangordna de politiska partierna baserat på hur nära de ligger i linje med dina egna politiska åsikter.  Placera det parti som ligger närmast dina egna åsikter överst.","integer","6","Sverige­demokraterna"
"q8_6","[Rangordning 6] Med Europaparlamentsvalet i åtanke, vänligen rangordna de politiska partierna baserat på hur nära de ligger i linje med dina egna politiska åsikter.  Placera det parti som ligger närmast dina egna åsikter överst.","integer","7","Centerpartiet"
"q8_6","[Rangordning 6] Med Europaparlamentsvalet i åtanke, vänligen rangordna de politiska partierna baserat på hur nära de ligger i linje med dina egna politiska åsikter.  Placera det parti som ligger närmast dina egna åsikter överst.","integer","8","Krist­demokraterna"
"q8_7","[Rangordning 7] Med Europaparlamentsvalet i åtanke, vänligen rangordna de politiska partierna baserat på hur nära de ligger i linje med dina egna politiska åsikter.  Placera det parti som ligger närmast dina egna åsikter överst.","integer","1","Vänsterpartiet"
"q8_7","[Rangordning 7] Med Europaparlamentsvalet i åtanke, vänligen rangordna de politiska partierna baserat på hur nära de ligger i linje med dina egna politiska åsikter.  Placera det parti som ligger närmast dina egna åsikter överst.","integer","2","Liberalerna"
"q8_7","[Rangordning 7] Med Europaparlamentsvalet i åtanke, vänligen rangordna de politiska partierna baserat på hur nära de ligger i linje med dina egna politiska åsikter.  Placera det parti som ligger närmast dina egna åsikter överst.","integer","3","Miljöpartiet"
"q8_7","[Rangordning 7] Med Europaparlamentsvalet i åtanke, vänligen rangordna de politiska partierna baserat på hur nära de ligger i linje med dina egna politiska åsikter.  Placera det parti som ligger närmast dina egna åsikter överst.","integer","4","Social­demokraterna"
"q8_7","[Rangordning 7] Med Europaparlamentsvalet i åtanke, vänligen rangordna de politiska partierna baserat på hur nära de ligger i linje med dina egna politiska åsikter.  Placera det parti som ligger närmast dina egna åsikter överst.","integer","5","Moderaterna"
"q8_7","[Rangordning 7] Med Europaparlamentsvalet i åtanke, vänligen rangordna de politiska partierna baserat på hur nära de ligger i linje med dina egna politiska åsikter.  Placera det parti som ligger närmast dina egna åsikter överst.","integer","6","Sverige­demokraterna"
"q8_7","[Rangordning 7] Med Europaparlamentsvalet i åtanke, vänligen rangordna de politiska partierna baserat på hur nära de ligger i linje med dina egna politiska åsikter.  Placera det parti som ligger närmast dina egna åsikter överst.","integer","7","Centerpartiet"
"q8_7","[Rangordning 7] Med Europaparlamentsvalet i åtanke, vänligen rangordna de politiska partierna baserat på hur nära de ligger i linje med dina egna politiska åsikter.  Placera det parti som ligger närmast dina egna åsikter överst.","integer","8","Krist­demokraterna"
"q8_8","[Rangordning 8] Med Europaparlamentsvalet i åtanke, vänligen rangordna de politiska partierna baserat på hur nära de ligger i linje med dina egna politiska åsikter.  Placera det parti som ligger närmast dina egna åsikter överst.","integer","1","Vänsterpartiet"
"q8_8","[Rangordning 8] Med Europaparlamentsvalet i åtanke, vänligen rangordna de politiska partierna baserat på hur nära de ligger i linje med dina egna politiska åsikter.  Placera det parti som ligger närmast dina egna åsikter överst.","integer","2","Liberalerna"
"q8_8","[Rangordning 8] Med Europaparlamentsvalet i åtanke, vänligen rangordna de politiska partierna baserat på hur nära de ligger i linje med dina egna politiska åsikter.  Placera det parti som ligger närmast dina egna åsikter överst.","integer","3","Miljöpartiet"
"q8_8","[Rangordning 8] Med Europaparlamentsvalet i åtanke, vänligen rangordna de politiska partierna baserat på hur nära de ligger i linje med dina egna politiska åsikter.  Placera det parti som ligger närmast dina egna åsikter överst.","integer","4","Social­demokraterna"
"q8_8","[Rangordning 8] Med Europaparlamentsvalet i åtanke, vänligen rangordna de politiska partierna baserat på hur nära de ligger i linje med dina egna politiska åsikter.  Placera det parti som ligger närmast dina egna åsikter överst.","integer","5","Moderaterna"
"q8_8","[Rangordning 8] Med Europaparlamentsvalet i åtanke, vänligen rangordna de politiska partierna baserat på hur nära de ligger i linje med dina egna politiska åsikter.  Placera det parti som ligger närmast dina egna åsikter överst.","integer","6","Sverige­demokraterna"
"q8_8","[Rangordning 8] Med Europaparlamentsvalet i åtanke, vänligen rangordna de politiska partierna baserat på hur nära de ligger i linje med dina egna politiska åsikter.  Placera det parti som ligger närmast dina egna åsikter överst.","integer","7","Centerpartiet"
"q8_8","[Rangordning 8] Med Europaparlamentsvalet i åtanke, vänligen rangordna de politiska partierna baserat på hur nära de ligger i linje med dina egna politiska åsikter.  Placera det parti som ligger närmast dina egna åsikter överst.","integer","8","Krist­demokraterna"
"q9","Har du deltagit i några politiska protester eller demonstrationer under de senaste 3 åren?","integer","1","Ja"
"q9","Har du deltagit i några politiska protester eller demonstrationer under de senaste 3 åren?","integer","2","Nej"
"q10_1","[Coronarestriktioner] Vilka frågor handlade protesterna eller demonstrationerna om?","integer","0","Inte vald"
"q10_1","[Coronarestriktioner] Vilka frågor handlade protesterna eller demonstrationerna om?","integer","1","Ja"
"q10_2","[Migrationsfrågor] Vilka frågor handlade protesterna eller demonstrationerna om?","integer","0","Inte vald"
"q10_2","[Migrationsfrågor] Vilka frågor handlade protesterna eller demonstrationerna om?","integer","1","Ja"
"q10_3","[Rysslands invasion av Ukraina] Vilka frågor handlade protesterna eller demonstrationerna om?","integer","0","Inte vald"
"q10_3","[Rysslands invasion av Ukraina] Vilka frågor handlade protesterna eller demonstrationerna om?","integer","1","Ja"
"q10_4","[Klimat- eller miljöfrågor] Vilka frågor handlade protesterna eller demonstrationerna om?","integer","0","Inte vald"
"q10_4","[Klimat- eller miljöfrågor] Vilka frågor handlade protesterna eller demonstrationerna om?","integer","1","Ja"
"q10_5","[Sveriges medlemskap i Nato] Vilka frågor handlade protesterna eller demonstrationerna om?","integer","0","Inte vald"
"q10_5","[Sveriges medlemskap i Nato] Vilka frågor handlade protesterna eller demonstrationerna om?","integer","1","Ja"
"q10_6","[Första maj-demonstration] Vilka frågor handlade protesterna eller demonstrationerna om?","integer","0","Inte vald"
"q10_6","[Första maj-demonstration] Vilka frågor handlade protesterna eller demonstrationerna om?","integer","1","Ja"
"q10_other","[Annat] Vilka frågor handlade protesterna eller demonstrationerna om?","integer","0","Inte vald"
"q10_other","[Annat] Vilka frågor handlade protesterna eller demonstrationerna om?","integer","1","Ja"
"q10_other_text","[Annat] Vilka frågor handlade protesterna eller demonstrationerna om?","string",""
"sleeper_1","[Tobias Billström] Vi vill veta vilka av följande ministrar i Sveriges regering du känner till?Vi vill också veta om du är uppmärksam på frågorna som ställs. Vänligen svara endast Daniel Granberg nedan, oavsett vilka du känner till och vilka som","integer","0","Inte vald"
"sleeper_1","[Tobias Billström] Vi vill veta vilka av följande ministrar i Sveriges regering du känner till?Vi vill också veta om du är uppmärksam på frågorna som ställs. Vänligen svara endast Daniel Granberg nedan, oavsett vilka du känner till och vilka som","integer","1","Ja"
"sleeper_2","[Elisabeth Svantesson] Vi vill veta vilka av följande ministrar i Sveriges regering du känner till?Vi vill också veta om du är uppmärksam på frågorna som ställs. Vänligen svara endast Daniel Granberg nedan, oavsett vilka du känner till och vilka ","integer","0","Inte vald"
"sleeper_2","[Elisabeth Svantesson] Vi vill veta vilka av följande ministrar i Sveriges regering du känner till?Vi vill också veta om du är uppmärksam på frågorna som ställs. Vänligen svara endast Daniel Granberg nedan, oavsett vilka du känner till och vilka ","integer","1","Ja"
"sleeper_3","[Peter Kullgren] Vi vill veta vilka av följande ministrar i Sveriges regering du känner till?Vi vill också veta om du är uppmärksam på frågorna som ställs. Vänligen svara endast Daniel Granberg nedan, oavsett vilka du känner till och vilka som si","integer","0","Inte vald"
"sleeper_3","[Peter Kullgren] Vi vill veta vilka av följande ministrar i Sveriges regering du känner till?Vi vill också veta om du är uppmärksam på frågorna som ställs. Vänligen svara endast Daniel Granberg nedan, oavsett vilka du känner till och vilka som si","integer","1","Ja"
"sleeper_4","[Ebba Busch] Vi vill veta vilka av följande ministrar i Sveriges regering du känner till?Vi vill också veta om du är uppmärksam på frågorna som ställs. Vänligen svara endast Daniel Granberg nedan, oavsett vilka du känner till och vilka som sitter","integer","0","Inte vald"
"sleeper_4","[Ebba Busch] Vi vill veta vilka av följande ministrar i Sveriges regering du känner till?Vi vill också veta om du är uppmärksam på frågorna som ställs. Vänligen svara endast Daniel Granberg nedan, oavsett vilka du känner till och vilka som sitter","integer","1","Ja"
"sleeper_5","[Romina Pourmokhtari] Vi vill veta vilka av följande ministrar i Sveriges regering du känner till?Vi vill också veta om du är uppmärksam på frågorna som ställs. Vänligen svara endast Daniel Granberg nedan, oavsett vilka du känner till och vilka s","integer","0","Inte vald"
"sleeper_5","[Romina Pourmokhtari] Vi vill veta vilka av följande ministrar i Sveriges regering du känner till?Vi vill också veta om du är uppmärksam på frågorna som ställs. Vänligen svara endast Daniel Granberg nedan, oavsett vilka du känner till och vilka s","integer","1","Ja"
"sleeper_6","[Daniel Granberg] Vi vill veta vilka av följande ministrar i Sveriges regering du känner till?Vi vill också veta om du är uppmärksam på frågorna som ställs. Vänligen svara endast Daniel Granberg nedan, oavsett vilka du känner till och vilka som s","integer","0","Inte vald"
"sleeper_6","[Daniel Granberg] Vi vill veta vilka av följande ministrar i Sveriges regering du känner till?Vi vill också veta om du är uppmärksam på frågorna som ställs. Vänligen svara endast Daniel Granberg nedan, oavsett vilka du känner till och vilka som s","integer","1","Ja"
"q10link","{if(q10_4 == ""Y"",1,0)}","string",""
"q15_1","[Frisörbesök] Ungefär hur mycket brukar du betala för följande varor/tjänster?  Om du aldrig handlar detta eller inte kan ange ett svar, lämna bara tomt.","integer",""
"q15_2","[Gymnastikskor] Ungefär hur mycket brukar du betala för följande varor/tjänster?  Om du aldrig handlar detta eller inte kan ange ett svar, lämna bara tomt.","integer.1",""
"q15_3","[Vinterskor] Ungefär hur mycket brukar du betala för följande varor/tjänster?  Om du aldrig handlar detta eller inte kan ange ett svar, lämna bara tomt.","integer",""
"q15_4","[Långärmad tröja] Ungefär hur mycket brukar du betala för följande varor/tjänster?  Om du aldrig handlar detta eller inte kan ange ett svar, lämna bara tomt.","integer",""
"q15_5","[Byxor] Ungefär hur mycket brukar du betala för följande varor/tjänster?  Om du aldrig handlar detta eller inte kan ange ett svar, lämna bara tomt.","integer",""
"q15_6","[Solglasögon] Ungefär hur mycket brukar du betala för följande varor/tjänster?  Om du aldrig handlar detta eller inte kan ange ett svar, lämna bara tomt.","integer",""
"q15_7","[En flaska vin] Ungefär hur mycket brukar du betala för följande varor/tjänster?  Om du aldrig handlar detta eller inte kan ange ett svar, lämna bara tomt.","integer.2",""
"q15_8","[En semesterövernattning] Ungefär hur mycket brukar du betala för följande varor/tjänster?  Om du aldrig handlar detta eller inte kan ange ett svar, lämna bara tomt.","integer",""
"q15_9","[Mobiltelefon (hela värdet även om du abonnerar)] Ungefär hur mycket brukar du betala för följande varor/tjänster?  Om du aldrig handlar detta eller inte kan ange ett svar, lämna bara tomt.","integer",""
"q15_10","[Restaurangbesök (endast din andel)] Ungefär hur mycket brukar du betala för följande varor/tjänster?  Om du aldrig handlar detta eller inte kan ange ett svar, lämna bara tomt.","integer",""
"q15_11","[Lunch] Ungefär hur mycket brukar du betala för följande varor/tjänster?  Om du aldrig handlar detta eller inte kan ange ett svar, lämna bara tomt.","integer",""
"q15_12","[Soffa] Ungefär hur mycket brukar du betala för följande varor/tjänster?  Om du aldrig handlar detta eller inte kan ange ett svar, lämna bara tomt.","integer",""
"array2_1","[Jag köper saker utan att tänka på om jag behöver dem] I vilken utsträckning stämmer följande påståenden in på dig?","integer","1","1 Aldrig"
"array2_1","[Jag köper saker utan att tänka på om jag behöver dem] I vilken utsträckning stämmer följande påståenden in på dig?","integer","2","2"
"array2_1","[Jag köper saker utan att tänka på om jag behöver dem] I vilken utsträckning stämmer följande påståenden in på dig?","integer","3","3"
"array2_1","[Jag köper saker utan att tänka på om jag behöver dem] I vilken utsträckning stämmer följande påståenden in på dig?","integer","4","4"
"array2_1","[Jag köper saker utan att tänka på om jag behöver dem] I vilken utsträckning stämmer följande påståenden in på dig?","integer","5","5"
"array2_1","[Jag köper saker utan att tänka på om jag behöver dem] I vilken utsträckning stämmer följande påståenden in på dig?","integer","6","6"
"array2_1","[Jag köper saker utan att tänka på om jag behöver dem] I vilken utsträckning stämmer följande påståenden in på dig?","integer","7","7 Alltid"
"array2_2","[Jag köper nya kläder innan de gamla är utslitna] I vilken utsträckning stämmer följande påståenden in på dig?","integer","1","1 Aldrig"
"array2_2","[Jag köper nya kläder innan de gamla är utslitna] I vilken utsträckning stämmer följande påståenden in på dig?","integer","2","2"
"array2_2","[Jag köper nya kläder innan de gamla är utslitna] I vilken utsträckning stämmer följande påståenden in på dig?","integer","3","3"
"array2_2","[Jag köper nya kläder innan de gamla är utslitna] I vilken utsträckning stämmer följande påståenden in på dig?","integer","4","4"
"array2_2","[Jag köper nya kläder innan de gamla är utslitna] I vilken utsträckning stämmer följande påståenden in på dig?","integer","5","5"
"array2_2","[Jag köper nya kläder innan de gamla är utslitna] I vilken utsträckning stämmer följande påståenden in på dig?","integer","6","6"
"array2_2","[Jag köper nya kläder innan de gamla är utslitna] I vilken utsträckning stämmer följande påståenden in på dig?","integer","7","7 Alltid"
"array2_3","[Jag köper bara saker jag behöver] I vilken utsträckning stämmer följande påståenden in på dig?","integer","1","1 Aldrig"
"array2_3","[Jag köper bara saker jag behöver] I vilken utsträckning stämmer följande påståenden in på dig?","integer","2","2"
"array2_3","[Jag köper bara saker jag behöver] I vilken utsträckning stämmer följande påståenden in på dig?","integer","3","3"
"array2_3","[Jag köper bara saker jag behöver] I vilken utsträckning stämmer följande påståenden in på dig?","integer","4","4"
"array2_3","[Jag köper bara saker jag behöver] I vilken utsträckning stämmer följande påståenden in på dig?","integer","5","5"
"array2_3","[Jag köper bara saker jag behöver] I vilken utsträckning stämmer följande påståenden in på dig?","integer","6","6"
"array2_3","[Jag köper bara saker jag behöver] I vilken utsträckning stämmer följande påståenden in på dig?","integer","7","7 Alltid"
"array2_4","[Jag köper saker på impuls när jag är ute och shoppar] I vilken utsträckning stämmer följande påståenden in på dig?","integer","1","1 Aldrig"
"array2_4","[Jag köper saker på impuls när jag är ute och shoppar] I vilken utsträckning stämmer följande påståenden in på dig?","integer","2","2"
"array2_4","[Jag köper saker på impuls när jag är ute och shoppar] I vilken utsträckning stämmer följande påståenden in på dig?","integer","3","3"
"array2_4","[Jag köper saker på impuls när jag är ute och shoppar] I vilken utsträckning stämmer följande påståenden in på dig?","integer","4","4"
"array2_4","[Jag köper saker på impuls när jag är ute och shoppar] I vilken utsträckning stämmer följande påståenden in på dig?","integer","5","5"
"array2_4","[Jag köper saker på impuls när jag är ute och shoppar] I vilken utsträckning stämmer följande påståenden in på dig?","integer","6","6"
"array2_4","[Jag köper saker på impuls när jag är ute och shoppar] I vilken utsträckning stämmer följande påståenden in på dig?","integer","7","7 Alltid"
"array2_5","[Jag tar hand om mina saker så att de håller så länge som möjligt] I vilken utsträckning stämmer följande påståenden in på dig?","integer","1","1 Aldrig"
"array2_5","[Jag tar hand om mina saker så att de håller så länge som möjligt] I vilken utsträckning stämmer följande påståenden in på dig?","integer","2","2"
"array2_5","[Jag tar hand om mina saker så att de håller så länge som möjligt] I vilken utsträckning stämmer följande påståenden in på dig?","integer","3","3"
"array2_5","[Jag tar hand om mina saker så att de håller så länge som möjligt] I vilken utsträckning stämmer följande påståenden in på dig?","integer","4","4"
"array2_5","[Jag tar hand om mina saker så att de håller så länge som möjligt] I vilken utsträckning stämmer följande påståenden in på dig?","integer","5","5"
"array2_5","[Jag tar hand om mina saker så att de håller så länge som möjligt] I vilken utsträckning stämmer följande påståenden in på dig?","integer","6","6"
"array2_5","[Jag tar hand om mina saker så att de håller så länge som möjligt] I vilken utsträckning stämmer följande påståenden in på dig?","integer","7","7 Alltid"
"array2_6","[Jag byter ut hushållsapparater även om de fortfarande fungerar] I vilken utsträckning stämmer följande påståenden in på dig?","integer","1","1 Aldrig"
"array2_6","[Jag byter ut hushållsapparater även om de fortfarande fungerar] I vilken utsträckning stämmer följande påståenden in på dig?","integer","2","2"
"array2_6","[Jag byter ut hushållsapparater även om de fortfarande fungerar] I vilken utsträckning stämmer följande påståenden in på dig?","integer","3","3"
"array2_6","[Jag byter ut hushållsapparater även om de fortfarande fungerar] I vilken utsträckning stämmer följande påståenden in på dig?","integer","4","4"
"array2_6","[Jag byter ut hushållsapparater även om de fortfarande fungerar] I vilken utsträckning stämmer följande påståenden in på dig?","integer","5","5"
"array2_6","[Jag byter ut hushållsapparater även om de fortfarande fungerar] I vilken utsträckning stämmer följande påståenden in på dig?","integer","6","6"
"array2_6","[Jag byter ut hushållsapparater även om de fortfarande fungerar] I vilken utsträckning stämmer följande påståenden in på dig?","integer","7","7 Alltid"
"array2_7","[Jag köper produkter med hög kvalitet som håller länge även om de kostar mer] I vilken utsträckning stämmer följande påståenden in på dig?","integer","1","1 Aldrig"
"array2_7","[Jag köper produkter med hög kvalitet som håller länge även om de kostar mer] I vilken utsträckning stämmer följande påståenden in på dig?","integer","2","2"
"array2_7","[Jag köper produkter med hög kvalitet som håller länge även om de kostar mer] I vilken utsträckning stämmer följande påståenden in på dig?","integer","3","3"
"array2_7","[Jag köper produkter med hög kvalitet som håller länge även om de kostar mer] I vilken utsträckning stämmer följande påståenden in på dig?","integer","4","4"
"array2_7","[Jag köper produkter med hög kvalitet som håller länge även om de kostar mer] I vilken utsträckning stämmer följande påståenden in på dig?","integer","5","5"
"array2_7","[Jag köper produkter med hög kvalitet som håller länge även om de kostar mer] I vilken utsträckning stämmer följande påståenden in på dig?","integer","6","6"
"array2_7","[Jag köper produkter med hög kvalitet som håller länge även om de kostar mer] I vilken utsträckning stämmer följande påståenden in på dig?","integer","7","7 Alltid"
"q11_1","[Stationär/bärbar dator] Ungefär hur ofta har du använt följande utrustning under de senaste 3 månaderna?","integer","1","Ej använt"
"q11_1","[Stationär/bärbar dator] Ungefär hur ofta har du använt följande utrustning under de senaste 3 månaderna?","integer","2","Mer sällan än varje vecka"
"q11_1","[Stationär/bärbar dator] Ungefär hur ofta har du använt följande utrustning under de senaste 3 månaderna?","integer","3","1–6 gånger i veckan"
"q11_1","[Stationär/bärbar dator] Ungefär hur ofta har du använt följande utrustning under de senaste 3 månaderna?","integer","4","Dagligen"
"q11_1","[Stationär/bärbar dator] Ungefär hur ofta har du använt följande utrustning under de senaste 3 månaderna?","integer","5","Flera gånger om dagen"
"q11_1","[Stationär/bärbar dator] Ungefär hur ofta har du använt följande utrustning under de senaste 3 månaderna?","integer","6","Flera gånger i timmen"
"q11_2","[Mobiltelefon eller smartphone] Ungefär hur ofta har du använt följande utrustning under de senaste 3 månaderna?","integer","1","Ej använt"
"q11_2","[Mobiltelefon eller smartphone] Ungefär hur ofta har du använt följande utrustning under de senaste 3 månaderna?","integer","2","Mer sällan än varje vecka"
"q11_2","[Mobiltelefon eller smartphone] Ungefär hur ofta har du använt följande utrustning under de senaste 3 månaderna?","integer","3","1–6 gånger i veckan"
"q11_2","[Mobiltelefon eller smartphone] Ungefär hur ofta har du använt följande utrustning under de senaste 3 månaderna?","integer","4","Dagligen"
"q11_2","[Mobiltelefon eller smartphone] Ungefär hur ofta har du använt följande utrustning under de senaste 3 månaderna?","integer","5","Flera gånger om dagen"
"q11_2","[Mobiltelefon eller smartphone] Ungefär hur ofta har du använt följande utrustning under de senaste 3 månaderna?","integer","6","Flera gånger i timmen"
"q11_3","[TV] Ungefär hur ofta har du använt följande utrustning under de senaste 3 månaderna?","integer","1","Ej använt"
"q11_3","[TV] Ungefär hur ofta har du använt följande utrustning under de senaste 3 månaderna?","integer","2","Mer sällan än varje vecka"
"q11_3","[TV] Ungefär hur ofta har du använt följande utrustning under de senaste 3 månaderna?","integer","3","1–6 gånger i veckan"
"q11_3","[TV] Ungefär hur ofta har du använt följande utrustning under de senaste 3 månaderna?","integer","4","Dagligen"
"q11_3","[TV] Ungefär hur ofta har du använt följande utrustning under de senaste 3 månaderna?","integer","5","Flera gånger om dagen"
"q11_3","[TV] Ungefär hur ofta har du använt följande utrustning under de senaste 3 månaderna?","integer","6","Flera gånger i timmen"
"q11_4","[Spelkonsol] Ungefär hur ofta har du använt följande utrustning under de senaste 3 månaderna?","integer","1","Ej använt"
"q11_4","[Spelkonsol] Ungefär hur ofta har du använt följande utrustning under de senaste 3 månaderna?","integer","2","Mer sällan än varje vecka"
"q11_4","[Spelkonsol] Ungefär hur ofta har du använt följande utrustning under de senaste 3 månaderna?","integer","3","1–6 gånger i veckan"
"q11_4","[Spelkonsol] Ungefär hur ofta har du använt följande utrustning under de senaste 3 månaderna?","integer","4","Dagligen"
"q11_4","[Spelkonsol] Ungefär hur ofta har du använt följande utrustning under de senaste 3 månaderna?","integer","5","Flera gånger om dagen"
"q11_4","[Spelkonsol] Ungefär hur ofta har du använt följande utrustning under de senaste 3 månaderna?","integer","6","Flera gånger i timmen"
"q11_5","[Surfplatta/Läsplatta] Ungefär hur ofta har du använt följande utrustning under de senaste 3 månaderna?","integer","1","Ej använt"
"q11_5","[Surfplatta/Läsplatta] Ungefär hur ofta har du använt följande utrustning under de senaste 3 månaderna?","integer","2","Mer sällan än varje vecka"
"q11_5","[Surfplatta/Läsplatta] Ungefär hur ofta har du använt följande utrustning under de senaste 3 månaderna?","integer","3","1–6 gånger i veckan"
"q11_5","[Surfplatta/Läsplatta] Ungefär hur ofta har du använt följande utrustning under de senaste 3 månaderna?","integer","4","Dagligen"
"q11_5","[Surfplatta/Läsplatta] Ungefär hur ofta har du använt följande utrustning under de senaste 3 månaderna?","integer","5","Flera gånger om dagen"
"q11_5","[Surfplatta/Läsplatta] Ungefär hur ofta har du använt följande utrustning under de senaste 3 månaderna?","integer","6","Flera gånger i timmen"
"q11_6","[VR-glasögon] Ungefär hur ofta har du använt följande utrustning under de senaste 3 månaderna?","integer","1","Ej använt"
"q11_6","[VR-glasögon] Ungefär hur ofta har du använt följande utrustning under de senaste 3 månaderna?","integer","2","Mer sällan än varje vecka"
"q11_6","[VR-glasögon] Ungefär hur ofta har du använt följande utrustning under de senaste 3 månaderna?","integer","3","1–6 gånger i veckan"
"q11_6","[VR-glasögon] Ungefär hur ofta har du använt följande utrustning under de senaste 3 månaderna?","integer","4","Dagligen"
"q11_6","[VR-glasögon] Ungefär hur ofta har du använt följande utrustning under de senaste 3 månaderna?","integer","5","Flera gånger om dagen"
"q11_6","[VR-glasögon] Ungefär hur ofta har du använt följande utrustning under de senaste 3 månaderna?","integer","6","Flera gånger i timmen"
"q11_7","[Annan enhet med skärm, t.ex. VR-glasögon, annan hemutrustning] Ungefär hur ofta har du använt följande utrustning under de senaste 3 månaderna?","integer","1","Ej använt"
"q11_7","[Annan enhet med skärm, t.ex. VR-glasögon, annan hemutrustning] Ungefär hur ofta har du använt följande utrustning under de senaste 3 månaderna?","integer","2","Mer sällan än varje vecka"
"q11_7","[Annan enhet med skärm, t.ex. VR-glasögon, annan hemutrustning] Ungefär hur ofta har du använt följande utrustning under de senaste 3 månaderna?","integer","3","1–6 gånger i veckan"
"q11_7","[Annan enhet med skärm, t.ex. VR-glasögon, annan hemutrustning] Ungefär hur ofta har du använt följande utrustning under de senaste 3 månaderna?","integer","4","Dagligen"
"q11_7","[Annan enhet med skärm, t.ex. VR-glasögon, annan hemutrustning] Ungefär hur ofta har du använt följande utrustning under de senaste 3 månaderna?","integer","5","Flera gånger om dagen"
"q11_7","[Annan enhet med skärm, t.ex. VR-glasögon, annan hemutrustning] Ungefär hur ofta har du använt följande utrustning under de senaste 3 månaderna?","integer","6","Flera gånger i timmen"
"q11b_1","[Tittat på film/serier/Youtube] Ungefär hur ofta har du gjort följande saker under de senaste 3 månaderna?","integer","1","Ej använt"
"q11b_1","[Tittat på film/serier/Youtube] Ungefär hur ofta har du gjort följande saker under de senaste 3 månaderna?","integer","2","Mer sällan än varje vecka"
"q11b_1","[Tittat på film/serier/Youtube] Ungefär hur ofta har du gjort följande saker under de senaste 3 månaderna?","integer","3","1–6 gånger i veckan"
"q11b_1","[Tittat på film/serier/Youtube] Ungefär hur ofta har du gjort följande saker under de senaste 3 månaderna?","integer","4","Dagligen"
"q11b_1","[Tittat på film/serier/Youtube] Ungefär hur ofta har du gjort följande saker under de senaste 3 månaderna?","integer","5","Flera gånger om dagen"
"q11b_1","[Tittat på film/serier/Youtube] Ungefär hur ofta har du gjort följande saker under de senaste 3 månaderna?","integer","6","Flera gånger i timmen"
"q11b_2","[Pratat i telefon eller haft videosamtal] Ungefär hur ofta har du gjort följande saker under de senaste 3 månaderna?","integer","1","Ej använt"
"q11b_2","[Pratat i telefon eller haft videosamtal] Ungefär hur ofta har du gjort följande saker under de senaste 3 månaderna?","integer","2","Mer sällan än varje vecka"
"q11b_2","[Pratat i telefon eller haft videosamtal] Ungefär hur ofta har du gjort följande saker under de senaste 3 månaderna?","integer","3","1–6 gånger i veckan"
"q11b_2","[Pratat i telefon eller haft videosamtal] Ungefär hur ofta har du gjort följande saker under de senaste 3 månaderna?","integer","4","Dagligen"
"q11b_2","[Pratat i telefon eller haft videosamtal] Ungefär hur ofta har du gjort följande saker under de senaste 3 månaderna?","integer","5","Flera gånger om dagen"
"q11b_2","[Pratat i telefon eller haft videosamtal] Ungefär hur ofta har du gjort följande saker under de senaste 3 månaderna?","integer","6","Flera gånger i timmen"
"q11b_3","[Använt sociala medier (t.ex. Facebook)] Ungefär hur ofta har du gjort följande saker under de senaste 3 månaderna?","integer","1","Ej använt"
"q11b_3","[Använt sociala medier (t.ex. Facebook)] Ungefär hur ofta har du gjort följande saker under de senaste 3 månaderna?","integer","2","Mer sällan än varje vecka"
"q11b_3","[Använt sociala medier (t.ex. Facebook)] Ungefär hur ofta har du gjort följande saker under de senaste 3 månaderna?","integer","3","1–6 gånger i veckan"
"q11b_3","[Använt sociala medier (t.ex. Facebook)] Ungefär hur ofta har du gjort följande saker under de senaste 3 månaderna?","integer","4","Dagligen"
"q11b_3","[Använt sociala medier (t.ex. Facebook)] Ungefär hur ofta har du gjort följande saker under de senaste 3 månaderna?","integer","5","Flera gånger om dagen"
"q11b_3","[Använt sociala medier (t.ex. Facebook)] Ungefär hur ofta har du gjort följande saker under de senaste 3 månaderna?","integer","6","Flera gånger i timmen"
"q11b_4","[Sökt information på internet] Ungefär hur ofta har du gjort följande saker under de senaste 3 månaderna?","integer","1","Ej använt"
"q11b_4","[Sökt information på internet] Ungefär hur ofta har du gjort följande saker under de senaste 3 månaderna?","integer","2","Mer sällan än varje vecka"
"q11b_4","[Sökt information på internet] Ungefär hur ofta har du gjort följande saker under de senaste 3 månaderna?","integer","3","1–6 gånger i veckan"
"q11b_4","[Sökt information på internet] Ungefär hur ofta har du gjort följande saker under de senaste 3 månaderna?","integer","4","Dagligen"
"q11b_4","[Sökt information på internet] Ungefär hur ofta har du gjort följande saker under de senaste 3 månaderna?","integer","5","Flera gånger om dagen"
"q11b_4","[Sökt information på internet] Ungefär hur ofta har du gjort följande saker under de senaste 3 månaderna?","integer","6","Flera gånger i timmen"
"q11b_5","[Spelat dataspel/tv-spel] Ungefär hur ofta har du gjort följande saker under de senaste 3 månaderna?","integer","1","Ej använt"
"q11b_5","[Spelat dataspel/tv-spel] Ungefär hur ofta har du gjort följande saker under de senaste 3 månaderna?","integer","2","Mer sällan än varje vecka"
"q11b_5","[Spelat dataspel/tv-spel] Ungefär hur ofta har du gjort följande saker under de senaste 3 månaderna?","integer","3","1–6 gånger i veckan"
"q11b_5","[Spelat dataspel/tv-spel] Ungefär hur ofta har du gjort följande saker under de senaste 3 månaderna?","integer","4","Dagligen"
"q11b_5","[Spelat dataspel/tv-spel] Ungefär hur ofta har du gjort följande saker under de senaste 3 månaderna?","integer","5","Flera gånger om dagen"
"q11b_5","[Spelat dataspel/tv-spel] Ungefär hur ofta har du gjort följande saker under de senaste 3 månaderna?","integer","6","Flera gånger i timmen"
"q11b_6","[Läst böcker/tidskrifter digitalt] Ungefär hur ofta har du gjort följande saker under de senaste 3 månaderna?","integer","1","Ej använt"
"q11b_6","[Läst böcker/tidskrifter digitalt] Ungefär hur ofta har du gjort följande saker under de senaste 3 månaderna?","integer","2","Mer sällan än varje vecka"
"q11b_6","[Läst böcker/tidskrifter digitalt] Ungefär hur ofta har du gjort följande saker under de senaste 3 månaderna?","integer","3","1–6 gånger i veckan"
"q11b_6","[Läst böcker/tidskrifter digitalt] Ungefär hur ofta har du gjort följande saker under de senaste 3 månaderna?","integer","4","Dagligen"
"q11b_6","[Läst böcker/tidskrifter digitalt] Ungefär hur ofta har du gjort följande saker under de senaste 3 månaderna?","integer","5","Flera gånger om dagen"
"q11b_6","[Läst böcker/tidskrifter digitalt] Ungefär hur ofta har du gjort följande saker under de senaste 3 månaderna?","integer","6","Flera gånger i timmen"
"q11b_7","[Handlat på e-handelssidor] Ungefär hur ofta har du gjort följande saker under de senaste 3 månaderna?","integer","1","Ej använt"
"q11b_7","[Handlat på e-handelssidor] Ungefär hur ofta har du gjort följande saker under de senaste 3 månaderna?","integer","2","Mer sällan än varje vecka"
"q11b_7","[Handlat på e-handelssidor] Ungefär hur ofta har du gjort följande saker under de senaste 3 månaderna?","integer","3","1–6 gånger i veckan"
"q11b_7","[Handlat på e-handelssidor] Ungefär hur ofta har du gjort följande saker under de senaste 3 månaderna?","integer","4","Dagligen"
"q11b_7","[Handlat på e-handelssidor] Ungefär hur ofta har du gjort följande saker under de senaste 3 månaderna?","integer","5","Flera gånger om dagen"
"q11b_7","[Handlat på e-handelssidor] Ungefär hur ofta har du gjort följande saker under de senaste 3 månaderna?","integer","6","Flera gånger i timmen"
"q11b_8","[Sålt något (t.ex. på Blocket)] Ungefär hur ofta har du gjort följande saker under de senaste 3 månaderna?","integer","1","Ej använt"
"q11b_8","[Sålt något (t.ex. på Blocket)] Ungefär hur ofta har du gjort följande saker under de senaste 3 månaderna?","integer","2","Mer sällan än varje vecka"
"q11b_8","[Sålt något (t.ex. på Blocket)] Ungefär hur ofta har du gjort följande saker under de senaste 3 månaderna?","integer","3","1–6 gånger i veckan"
"q11b_8","[Sålt något (t.ex. på Blocket)] Ungefär hur ofta har du gjort följande saker under de senaste 3 månaderna?","integer","4","Dagligen"
"q11b_8","[Sålt något (t.ex. på Blocket)] Ungefär hur ofta har du gjort följande saker under de senaste 3 månaderna?","integer","5","Flera gånger om dagen"
"q11b_8","[Sålt något (t.ex. på Blocket)] Ungefär hur ofta har du gjort följande saker under de senaste 3 månaderna?","integer","6","Flera gånger i timmen"
"q12","För dig som lönearbetar, arbetar du heltid eller deltid?","integer","1","Heltid"
"q12","För dig som lönearbetar, arbetar du heltid eller deltid?","integer","2","Deltid"
"q12","För dig som lönearbetar, arbetar du heltid eller deltid?","integer","3","Jag lönearbetar inte"
"q12","För dig som lönearbetar, arbetar du heltid eller deltid?","integer","4","Det varierar"
"q12b","Hur många procent av heltid?","integer.1",""
"array3_1","[Jag ser mig själv som en politiskt engagerad person] I vilken utsträckning stämmer följande påståenden in på dig?","integer","1","1 Stämmer mycket dåligt"
"array3_1","[Jag ser mig själv som en politiskt engagerad person] I vilken utsträckning stämmer följande påståenden in på dig?","integer","2","2"
"array3_1","[Jag ser mig själv som en politiskt engagerad person] I vilken utsträckning stämmer följande påståenden in på dig?","integer","3","3"
"array3_1","[Jag ser mig själv som en politiskt engagerad person] I vilken utsträckning stämmer följande påståenden in på dig?","integer","4","4"
"array3_1","[Jag ser mig själv som en politiskt engagerad person] I vilken utsträckning stämmer följande påståenden in på dig?","integer","5","5"
"array3_1","[Jag ser mig själv som en politiskt engagerad person] I vilken utsträckning stämmer följande påståenden in på dig?","integer","6","6"
"array3_1","[Jag ser mig själv som en politiskt engagerad person] I vilken utsträckning stämmer följande påståenden in på dig?","integer","7","7 Stämmer mycket bra"
"array3_2","[Jag ser mig själv som en sparsam person] I vilken utsträckning stämmer följande påståenden in på dig?","integer","1","1 Stämmer mycket dåligt"
"array3_2","[Jag ser mig själv som en sparsam person] I vilken utsträckning stämmer följande påståenden in på dig?","integer","2","2"
"array3_2","[Jag ser mig själv som en sparsam person] I vilken utsträckning stämmer följande påståenden in på dig?","integer","3","3"
"array3_2","[Jag ser mig själv som en sparsam person] I vilken utsträckning stämmer följande påståenden in på dig?","integer","4","4"
"array3_2","[Jag ser mig själv som en sparsam person] I vilken utsträckning stämmer följande påståenden in på dig?","integer","5","5"
"array3_2","[Jag ser mig själv som en sparsam person] I vilken utsträckning stämmer följande påståenden in på dig?","integer","6","6"
"array3_2","[Jag ser mig själv som en sparsam person] I vilken utsträckning stämmer följande påståenden in på dig?","integer","7","7 Stämmer mycket bra"
"array3_3","[Att vara politiskt engagerad är en viktig del av vem jag är] I vilken utsträckning stämmer följande påståenden in på dig?","integer","1","1 Stämmer mycket dåligt"
"array3_3","[Att vara politiskt engagerad är en viktig del av vem jag är] I vilken utsträckning stämmer följande påståenden in på dig?","integer","2","2"
"array3_3","[Att vara politiskt engagerad är en viktig del av vem jag är] I vilken utsträckning stämmer följande påståenden in på dig?","integer","3","3"
"array3_3","[Att vara politiskt engagerad är en viktig del av vem jag är] I vilken utsträckning stämmer följande påståenden in på dig?","integer","4","4"
"array3_3","[Att vara politiskt engagerad är en viktig del av vem jag är] I vilken utsträckning stämmer följande påståenden in på dig?","integer","5","5"
"array3_3","[Att vara politiskt engagerad är en viktig del av vem jag är] I vilken utsträckning stämmer följande påståenden in på dig?","integer","6","6"
"array3_3","[Att vara politiskt engagerad är en viktig del av vem jag är] I vilken utsträckning stämmer följande påståenden in på dig?","integer","7","7 Stämmer mycket bra"
"array3_4","[Jag är självisk] I vilken utsträckning stämmer följande påståenden in på dig?","integer","1","1 Stämmer mycket dåligt"
"array3_4","[Jag är självisk] I vilken utsträckning stämmer följande påståenden in på dig?","integer","2","2"
"array3_4","[Jag är självisk] I vilken utsträckning stämmer följande påståenden in på dig?","integer","3","3"
"array3_4","[Jag är självisk] I vilken utsträckning stämmer följande påståenden in på dig?","integer","4","4"
"array3_4","[Jag är självisk] I vilken utsträckning stämmer följande påståenden in på dig?","integer","5","5"
"array3_4","[Jag är självisk] I vilken utsträckning stämmer följande påståenden in på dig?","integer","6","6"
"array3_4","[Jag är självisk] I vilken utsträckning stämmer följande påståenden in på dig?","integer","7","7 Stämmer mycket bra"
"array3_5","[Jag är en sådan person som är politiskt engagerad] I vilken utsträckning stämmer följande påståenden in på dig?","integer","1","1 Stämmer mycket dåligt"
"array3_5","[Jag är en sådan person som är politiskt engagerad] I vilken utsträckning stämmer följande påståenden in på dig?","integer","2","2"
"array3_5","[Jag är en sådan person som är politiskt engagerad] I vilken utsträckning stämmer följande påståenden in på dig?","integer","3","3"
"array3_5","[Jag är en sådan person som är politiskt engagerad] I vilken utsträckning stämmer följande påståenden in på dig?","integer","4","4"
"array3_5","[Jag är en sådan person som är politiskt engagerad] I vilken utsträckning stämmer följande påståenden in på dig?","integer","5","5"
"array3_5","[Jag är en sådan person som är politiskt engagerad] I vilken utsträckning stämmer följande påståenden in på dig?","integer","6","6"
"array3_5","[Jag är en sådan person som är politiskt engagerad] I vilken utsträckning stämmer följande påståenden in på dig?","integer","7","7 Stämmer mycket bra"
"array3_6","[Att bete sig ordentligt är en viktig del av vem jag är] I vilken utsträckning stämmer följande påståenden in på dig?","integer","1","1 Stämmer mycket dåligt"
"array3_6","[Att bete sig ordentligt är en viktig del av vem jag är] I vilken utsträckning stämmer följande påståenden in på dig?","integer","2","2"
"array3_6","[Att bete sig ordentligt är en viktig del av vem jag är] I vilken utsträckning stämmer följande påståenden in på dig?","integer","3","3"
"array3_6","[Att bete sig ordentligt är en viktig del av vem jag är] I vilken utsträckning stämmer följande påståenden in på dig?","integer","4","4"
"array3_6","[Att bete sig ordentligt är en viktig del av vem jag är] I vilken utsträckning stämmer följande påståenden in på dig?","integer","5","5"
"array3_6","[Att bete sig ordentligt är en viktig del av vem jag är] I vilken utsträckning stämmer följande påståenden in på dig?","integer","6","6"
"array3_6","[Att bete sig ordentligt är en viktig del av vem jag är] I vilken utsträckning stämmer följande påståenden in på dig?","integer","7","7 Stämmer mycket bra"
"array3_7","[Jag ser mig själv som en impulsiv person] I vilken utsträckning stämmer följande påståenden in på dig?","integer","1","1 Stämmer mycket dåligt"
"array3_7","[Jag ser mig själv som en impulsiv person] I vilken utsträckning stämmer följande påståenden in på dig?","integer","2","2"
"array3_7","[Jag ser mig själv som en impulsiv person] I vilken utsträckning stämmer följande påståenden in på dig?","integer","3","3"
"array3_7","[Jag ser mig själv som en impulsiv person] I vilken utsträckning stämmer följande påståenden in på dig?","integer","4","4"
"array3_7","[Jag ser mig själv som en impulsiv person] I vilken utsträckning stämmer följande påståenden in på dig?","integer","5","5"
"array3_7","[Jag ser mig själv som en impulsiv person] I vilken utsträckning stämmer följande påståenden in på dig?","integer","6","6"
"array3_7","[Jag ser mig själv som en impulsiv person] I vilken utsträckning stämmer följande påståenden in på dig?","integer","7","7 Stämmer mycket bra"
"array3_8","[Att bete sig miljövänligt är en viktig del av vem jag är] I vilken utsträckning stämmer följande påståenden in på dig?","integer","1","1 Stämmer mycket dåligt"
"array3_8","[Att bete sig miljövänligt är en viktig del av vem jag är] I vilken utsträckning stämmer följande påståenden in på dig?","integer","2","2"
"array3_8","[Att bete sig miljövänligt är en viktig del av vem jag är] I vilken utsträckning stämmer följande påståenden in på dig?","integer","3","3"
"array3_8","[Att bete sig miljövänligt är en viktig del av vem jag är] I vilken utsträckning stämmer följande påståenden in på dig?","integer","4","4"
"array3_8","[Att bete sig miljövänligt är en viktig del av vem jag är] I vilken utsträckning stämmer följande påståenden in på dig?","integer","5","5"
"array3_8","[Att bete sig miljövänligt är en viktig del av vem jag är] I vilken utsträckning stämmer följande påståenden in på dig?","integer","6","6"
"array3_8","[Att bete sig miljövänligt är en viktig del av vem jag är] I vilken utsträckning stämmer följande påståenden in på dig?","integer","7","7 Stämmer mycket bra"
"array3_9","[Jag är en sådan person som beter sig miljövänligt] I vilken utsträckning stämmer följande påståenden in på dig?","integer","1","1 Stämmer mycket dåligt"
"array3_9","[Jag är en sådan person som beter sig miljövänligt] I vilken utsträckning stämmer följande påståenden in på dig?","integer","2","2"
"array3_9","[Jag är en sådan person som beter sig miljövänligt] I vilken utsträckning stämmer följande påståenden in på dig?","integer","3","3"
"array3_9","[Jag är en sådan person som beter sig miljövänligt] I vilken utsträckning stämmer följande påståenden in på dig?","integer","4","4"
"array3_9","[Jag är en sådan person som beter sig miljövänligt] I vilken utsträckning stämmer följande påståenden in på dig?","integer","5","5"
"array3_9","[Jag är en sådan person som beter sig miljövänligt] I vilken utsträckning stämmer följande påståenden in på dig?","integer","6","6"
"array3_9","[Jag är en sådan person som beter sig miljövänligt] I vilken utsträckning stämmer följande påståenden in på dig?","integer","7","7 Stämmer mycket bra"
"array3_10","[Jag är hjälpsam] I vilken utsträckning stämmer följande påståenden in på dig?","integer","1","1 Stämmer mycket dåligt"
"array3_10","[Jag är hjälpsam] I vilken utsträckning stämmer följande påståenden in på dig?","integer","2","2"
"array3_10","[Jag är hjälpsam] I vilken utsträckning stämmer följande påståenden in på dig?","integer","3","3"
"array3_10","[Jag är hjälpsam] I vilken utsträckning stämmer följande påståenden in på dig?","integer","4","4"
"array3_10","[Jag är hjälpsam] I vilken utsträckning stämmer följande påståenden in på dig?","integer","5","5"
"array3_10","[Jag är hjälpsam] I vilken utsträckning stämmer följande påståenden in på dig?","integer","6","6"
"array3_10","[Jag är hjälpsam] I vilken utsträckning stämmer följande påståenden in på dig?","integer","7","7 Stämmer mycket bra"
"array3_11","[Jag ser mig själv som en miljövänlig person] I vilken utsträckning stämmer följande påståenden in på dig?","integer","1","1 Stämmer mycket dåligt"
"array3_11","[Jag ser mig själv som en miljövänlig person] I vilken utsträckning stämmer följande påståenden in på dig?","integer","2","2"
"array3_11","[Jag ser mig själv som en miljövänlig person] I vilken utsträckning stämmer följande påståenden in på dig?","integer","3","3"
"array3_11","[Jag ser mig själv som en miljövänlig person] I vilken utsträckning stämmer följande påståenden in på dig?","integer","4","4"
"array3_11","[Jag ser mig själv som en miljövänlig person] I vilken utsträckning stämmer följande påståenden in på dig?","integer","5","5"
"array3_11","[Jag ser mig själv som en miljövänlig person] I vilken utsträckning stämmer följande påståenden in på dig?","integer","6","6"
"array3_11","[Jag ser mig själv som en miljövänlig person] I vilken utsträckning stämmer följande påståenden in på dig?","integer","7","7 Stämmer mycket bra"
"array4_1","[Hur tydligt kan du föreställa dig vem du kommer att vara om 10 år?] Människor har olika lätt att föreställa sig sitt framtida jag – den person du kommer att vara i en avlägsen framtid.  Svara på följande frågor genom att ange hur tydligt du k","integer","1","1 Inte tydligt alls"
"array4_1","[Hur tydligt kan du föreställa dig vem du kommer att vara om 10 år?] Människor har olika lätt att föreställa sig sitt framtida jag – den person du kommer att vara i en avlägsen framtid.  Svara på följande frågor genom att ange hur tydligt du k","integer","2","2"
"array4_1","[Hur tydligt kan du föreställa dig vem du kommer att vara om 10 år?] Människor har olika lätt att föreställa sig sitt framtida jag – den person du kommer att vara i en avlägsen framtid.  Svara på följande frågor genom att ange hur tydligt du k","integer","3","3"
"array4_1","[Hur tydligt kan du föreställa dig vem du kommer att vara om 10 år?] Människor har olika lätt att föreställa sig sitt framtida jag – den person du kommer att vara i en avlägsen framtid.  Svara på följande frågor genom att ange hur tydligt du k","integer","4","4"
"array4_1","[Hur tydligt kan du föreställa dig vem du kommer att vara om 10 år?] Människor har olika lätt att föreställa sig sitt framtida jag – den person du kommer att vara i en avlägsen framtid.  Svara på följande frågor genom att ange hur tydligt du k","integer","5","5"
"array4_1","[Hur tydligt kan du föreställa dig vem du kommer att vara om 10 år?] Människor har olika lätt att föreställa sig sitt framtida jag – den person du kommer att vara i en avlägsen framtid.  Svara på följande frågor genom att ange hur tydligt du k","integer","6","6 Mycket tydligt"
"array4_2","[Hur tydligt kan du föreställa hur du ser ut om 10 år?] Människor har olika lätt att föreställa sig sitt framtida jag – den person du kommer att vara i en avlägsen framtid.  Svara på följande frågor genom att ange hur tydligt du kan förestäl","integer","1","1 Inte tydligt alls"
"array4_2","[Hur tydligt kan du föreställa hur du ser ut om 10 år?] Människor har olika lätt att föreställa sig sitt framtida jag – den person du kommer att vara i en avlägsen framtid.  Svara på följande frågor genom att ange hur tydligt du kan förestäl","integer","2","2"
"array4_2","[Hur tydligt kan du föreställa hur du ser ut om 10 år?] Människor har olika lätt att föreställa sig sitt framtida jag – den person du kommer att vara i en avlägsen framtid.  Svara på följande frågor genom att ange hur tydligt du kan förestäl","integer","3","3"
"array4_2","[Hur tydligt kan du föreställa hur du ser ut om 10 år?] Människor har olika lätt att föreställa sig sitt framtida jag – den person du kommer att vara i en avlägsen framtid.  Svara på följande frågor genom att ange hur tydligt du kan förestäl","integer","4","4"
"array4_2","[Hur tydligt kan du föreställa hur du ser ut om 10 år?] Människor har olika lätt att föreställa sig sitt framtida jag – den person du kommer att vara i en avlägsen framtid.  Svara på följande frågor genom att ange hur tydligt du kan förestäl","integer","5","5"
"array4_2","[Hur tydligt kan du föreställa hur du ser ut om 10 år?] Människor har olika lätt att föreställa sig sitt framtida jag – den person du kommer att vara i en avlägsen framtid.  Svara på följande frågor genom att ange hur tydligt du kan förestäl","integer","6","6 Mycket tydligt"
"array4_3","[Hur tydligt kan du föreställa dig dina familjerelationer om 10 år?] Människor har olika lätt att föreställa sig sitt framtida jag – den person du kommer att vara i en avlägsen framtid.  Svara på följande frågor genom att ange hur tydligt du k","integer","1","1 Inte tydligt alls"
"array4_3","[Hur tydligt kan du föreställa dig dina familjerelationer om 10 år?] Människor har olika lätt att föreställa sig sitt framtida jag – den person du kommer att vara i en avlägsen framtid.  Svara på följande frågor genom att ange hur tydligt du k","integer","2","2"
"array4_3","[Hur tydligt kan du föreställa dig dina familjerelationer om 10 år?] Människor har olika lätt att föreställa sig sitt framtida jag – den person du kommer att vara i en avlägsen framtid.  Svara på följande frågor genom att ange hur tydligt du k","integer","3","3"
"array4_3","[Hur tydligt kan du föreställa dig dina familjerelationer om 10 år?] Människor har olika lätt att föreställa sig sitt framtida jag – den person du kommer att vara i en avlägsen framtid.  Svara på följande frågor genom att ange hur tydligt du k","integer","4","4"
"array4_3","[Hur tydligt kan du föreställa dig dina familjerelationer om 10 år?] Människor har olika lätt att föreställa sig sitt framtida jag – den person du kommer att vara i en avlägsen framtid.  Svara på följande frågor genom att ange hur tydligt du k","integer","5","5"
"array4_3","[Hur tydligt kan du föreställa dig dina familjerelationer om 10 år?] Människor har olika lätt att föreställa sig sitt framtida jag – den person du kommer att vara i en avlägsen framtid.  Svara på följande frågor genom att ange hur tydligt du k","integer","6","6 Mycket tydligt"
"array5_1","[Jag skulle vilja leva mer hållbart] I vilken utsträckning stämmer följande påståenden in på dig?","integer","1","1 Stämmer mycket dåligt"
"array5_1","[Jag skulle vilja leva mer hållbart] I vilken utsträckning stämmer följande påståenden in på dig?","integer","2","2"
"array5_1","[Jag skulle vilja leva mer hållbart] I vilken utsträckning stämmer följande påståenden in på dig?","integer","3","3"
"array5_1","[Jag skulle vilja leva mer hållbart] I vilken utsträckning stämmer följande påståenden in på dig?","integer","4","4"
"array5_1","[Jag skulle vilja leva mer hållbart] I vilken utsträckning stämmer följande påståenden in på dig?","integer","5","5"
"array5_1","[Jag skulle vilja leva mer hållbart] I vilken utsträckning stämmer följande påståenden in på dig?","integer","6","6"
"array5_1","[Jag skulle vilja leva mer hållbart] I vilken utsträckning stämmer följande påståenden in på dig?","integer","7","7 Stämmer mycket bra"
"array5_2","[Jag skulle vilja vara mer sparsam] I vilken utsträckning stämmer följande påståenden in på dig?","integer","1","1 Stämmer mycket dåligt"
"array5_2","[Jag skulle vilja vara mer sparsam] I vilken utsträckning stämmer följande påståenden in på dig?","integer","2","2"
"array5_2","[Jag skulle vilja vara mer sparsam] I vilken utsträckning stämmer följande påståenden in på dig?","integer","3","3"
"array5_2","[Jag skulle vilja vara mer sparsam] I vilken utsträckning stämmer följande påståenden in på dig?","integer","4","4"
"array5_2","[Jag skulle vilja vara mer sparsam] I vilken utsträckning stämmer följande påståenden in på dig?","integer","5","5"
"array5_2","[Jag skulle vilja vara mer sparsam] I vilken utsträckning stämmer följande påståenden in på dig?","integer","6","6"
"array5_2","[Jag skulle vilja vara mer sparsam] I vilken utsträckning stämmer följande påståenden in på dig?","integer","7","7 Stämmer mycket bra"
"array5_3","[Jag skull vilja vara mer politiskt engagerad] I vilken utsträckning stämmer följande påståenden in på dig?","integer","1","1 Stämmer mycket dåligt"
"array5_3","[Jag skull vilja vara mer politiskt engagerad] I vilken utsträckning stämmer följande påståenden in på dig?","integer","2","2"
"array5_3","[Jag skull vilja vara mer politiskt engagerad] I vilken utsträckning stämmer följande påståenden in på dig?","integer","3","3"
"array5_3","[Jag skull vilja vara mer politiskt engagerad] I vilken utsträckning stämmer följande påståenden in på dig?","integer","4","4"
"array5_3","[Jag skull vilja vara mer politiskt engagerad] I vilken utsträckning stämmer följande påståenden in på dig?","integer","5","5"
"array5_3","[Jag skull vilja vara mer politiskt engagerad] I vilken utsträckning stämmer följande påståenden in på dig?","integer","6","6"
"array5_3","[Jag skull vilja vara mer politiskt engagerad] I vilken utsträckning stämmer följande påståenden in på dig?","integer","7","7 Stämmer mycket bra"
"trolley","Föreställ dig följande situation. En skenande spårvagn rusar fram på ett spårvagnsspår. En bit längre fram ligger fem personer fastbundna på spåren, oförmögna att röra sig och spårvagnen rusar mot dem. Du står en bit därifrån på spåromr","integer","0","Göra ingenting"
"trolley","Föreställ dig följande situation. En skenande spårvagn rusar fram på ett spårvagnsspår. En bit längre fram ligger fem personer fastbundna på spåren, oförmögna att röra sig och spårvagnen rusar mot dem. Du står en bit därifrån på spåromr","integer","1","Dra i spaken"
"a5link","{if(array5_1>4,1,0)}","string",""
"q13","Enligt din mening, i vilken utsträckning går det att lita på människor i allmänhet?","integer","0","0 = Det går inte att lita på människor i allmänhet"
"q13","Enligt din mening, i vilken utsträckning går det att lita på människor i allmänhet?","integer","1","1"
"q13","Enligt din mening, i vilken utsträckning går det att lita på människor i allmänhet?","integer","2","2"
"q13","Enligt din mening, i vilken utsträckning går det att lita på människor i allmänhet?","integer","3","3"
"q13","Enligt din mening, i vilken utsträckning går det att lita på människor i allmänhet?","integer","4","4"
"q13","Enligt din mening, i vilken utsträckning går det att lita på människor i allmänhet?","integer","5","5"
"q13","Enligt din mening, i vilken utsträckning går det att lita på människor i allmänhet?","integer","6","6"
"q13","Enligt din mening, i vilken utsträckning går det att lita på människor i allmänhet?","integer","7","7"
"q13","Enligt din mening, i vilken utsträckning går det att lita på människor i allmänhet?","integer","8","8"
"q13","Enligt din mening, i vilken utsträckning går det att lita på människor i allmänhet?","integer","9","9"
"q13","Enligt din mening, i vilken utsträckning går det att lita på människor i allmänhet?","integer","10","10 = Det går att lita på människor i allmänhet"
"q14","Enligt din mening, i vilken utsträckning anser du att det går att lita på människor i det område där du bor?","integer","0","0 = Det går inte att lita på människor i det område där jag bor"
"q14","Enligt din mening, i vilken utsträckning anser du att det går att lita på människor i det område där du bor?","integer","1","1"
"q14","Enligt din mening, i vilken utsträckning anser du att det går att lita på människor i det område där du bor?","integer","2","2"
"q14","Enligt din mening, i vilken utsträckning anser du att det går att lita på människor i det område där du bor?","integer","3","3"
"q14","Enligt din mening, i vilken utsträckning anser du att det går att lita på människor i det område där du bor?","integer","4","4"
"q14","Enligt din mening, i vilken utsträckning anser du att det går att lita på människor i det område där du bor?","integer","5","5"
"q14","Enligt din mening, i vilken utsträckning anser du att det går att lita på människor i det område där du bor?","integer","6","6"
"q14","Enligt din mening, i vilken utsträckning anser du att det går att lita på människor i det område där du bor?","integer","7","7"
"q14","Enligt din mening, i vilken utsträckning anser du att det går att lita på människor i det område där du bor?","integer","8","8"
"q14","Enligt din mening, i vilken utsträckning anser du att det går att lita på människor i det område där du bor?","integer","9","9"
"q14","Enligt din mening, i vilken utsträckning anser du att det går att lita på människor i det område där du bor?","integer","10","10 = Det går att lita på människor i det område där jag bor"
"array6_1","[Inflytande (att kunna påverka människor och händelser)] Alla människor har värden som fungerar som vägledande principer i deras liv. Vanligtvis har man dock olika uppfattningar om hur viktiga dessa värden är. Vi vill att du anger hur viktigt var o","integer","1","1 Inte alls viktigt"
"array6_1","[Inflytande (att kunna påverka människor och händelser)] Alla människor har värden som fungerar som vägledande principer i deras liv. Vanligtvis har man dock olika uppfattningar om hur viktiga dessa värden är. Vi vill att du anger hur viktigt var o","integer","2","2"
"array6_1","[Inflytande (att kunna påverka människor och händelser)] Alla människor har värden som fungerar som vägledande principer i deras liv. Vanligtvis har man dock olika uppfattningar om hur viktiga dessa värden är. Vi vill att du anger hur viktigt var o","integer","3","3"
"array6_1","[Inflytande (att kunna påverka människor och händelser)] Alla människor har värden som fungerar som vägledande principer i deras liv. Vanligtvis har man dock olika uppfattningar om hur viktiga dessa värden är. Vi vill att du anger hur viktigt var o","integer","4","4"
"array6_1","[Inflytande (att kunna påverka människor och händelser)] Alla människor har värden som fungerar som vägledande principer i deras liv. Vanligtvis har man dock olika uppfattningar om hur viktiga dessa värden är. Vi vill att du anger hur viktigt var o","integer","5","5"
"array6_1","[Inflytande (att kunna påverka människor och händelser)] Alla människor har värden som fungerar som vägledande principer i deras liv. Vanligtvis har man dock olika uppfattningar om hur viktiga dessa värden är. Vi vill att du anger hur viktigt var o","integer","6","6"
"array6_1","[Inflytande (att kunna påverka människor och händelser)] Alla människor har värden som fungerar som vägledande principer i deras liv. Vanligtvis har man dock olika uppfattningar om hur viktiga dessa värden är. Vi vill att du anger hur viktigt var o","integer","7","7 Mycket viktigt"
"array6_2","[Förhindra nedsmutsning (motarbeta miljöförstöring och nedsmutsning)] Alla människor har värden som fungerar som vägledande principer i deras liv. Vanligtvis har man dock olika uppfattningar om hur viktiga dessa värden är. Vi vill att du anger hur","integer","1","1 Inte alls viktigt"
"array6_2","[Förhindra nedsmutsning (motarbeta miljöförstöring och nedsmutsning)] Alla människor har värden som fungerar som vägledande principer i deras liv. Vanligtvis har man dock olika uppfattningar om hur viktiga dessa värden är. Vi vill att du anger hur","integer","2","2"
"array6_2","[Förhindra nedsmutsning (motarbeta miljöförstöring och nedsmutsning)] Alla människor har värden som fungerar som vägledande principer i deras liv. Vanligtvis har man dock olika uppfattningar om hur viktiga dessa värden är. Vi vill att du anger hur","integer","3","3"
"array6_2","[Förhindra nedsmutsning (motarbeta miljöförstöring och nedsmutsning)] Alla människor har värden som fungerar som vägledande principer i deras liv. Vanligtvis har man dock olika uppfattningar om hur viktiga dessa värden är. Vi vill att du anger hur","integer","4","4"
"array6_2","[Förhindra nedsmutsning (motarbeta miljöförstöring och nedsmutsning)] Alla människor har värden som fungerar som vägledande principer i deras liv. Vanligtvis har man dock olika uppfattningar om hur viktiga dessa värden är. Vi vill att du anger hur","integer","5","5"
"array6_2","[Förhindra nedsmutsning (motarbeta miljöförstöring och nedsmutsning)] Alla människor har värden som fungerar som vägledande principer i deras liv. Vanligtvis har man dock olika uppfattningar om hur viktiga dessa värden är. Vi vill att du anger hur","integer","6","6"
"array6_2","[Förhindra nedsmutsning (motarbeta miljöförstöring och nedsmutsning)] Alla människor har värden som fungerar som vägledande principer i deras liv. Vanligtvis har man dock olika uppfattningar om hur viktiga dessa värden är. Vi vill att du anger hur","integer","7","7 Mycket viktigt"
"array6_3","[Hjälpsamhet (att arbeta för andras välbefinnande)] Alla människor har värden som fungerar som vägledande principer i deras liv. Vanligtvis har man dock olika uppfattningar om hur viktiga dessa värden är. Vi vill att du anger hur viktigt var och et","integer","1","1 Inte alls viktigt"
"array6_3","[Hjälpsamhet (att arbeta för andras välbefinnande)] Alla människor har värden som fungerar som vägledande principer i deras liv. Vanligtvis har man dock olika uppfattningar om hur viktiga dessa värden är. Vi vill att du anger hur viktigt var och et","integer","2","2"
"array6_3","[Hjälpsamhet (att arbeta för andras välbefinnande)] Alla människor har värden som fungerar som vägledande principer i deras liv. Vanligtvis har man dock olika uppfattningar om hur viktiga dessa värden är. Vi vill att du anger hur viktigt var och et","integer","3","3"
"array6_3","[Hjälpsamhet (att arbeta för andras välbefinnande)] Alla människor har värden som fungerar som vägledande principer i deras liv. Vanligtvis har man dock olika uppfattningar om hur viktiga dessa värden är. Vi vill att du anger hur viktigt var och et","integer","4","4"
"array6_3","[Hjälpsamhet (att arbeta för andras välbefinnande)] Alla människor har värden som fungerar som vägledande principer i deras liv. Vanligtvis har man dock olika uppfattningar om hur viktiga dessa värden är. Vi vill att du anger hur viktigt var och et","integer","5","5"
"array6_3","[Hjälpsamhet (att arbeta för andras välbefinnande)] Alla människor har värden som fungerar som vägledande principer i deras liv. Vanligtvis har man dock olika uppfattningar om hur viktiga dessa värden är. Vi vill att du anger hur viktigt var och et","integer","6","6"
"array6_3","[Hjälpsamhet (att arbeta för andras välbefinnande)] Alla människor har värden som fungerar som vägledande principer i deras liv. Vanligtvis har man dock olika uppfattningar om hur viktiga dessa värden är. Vi vill att du anger hur viktigt var och et","integer","7","7 Mycket viktigt"
"array6_4","[Värna om miljön (bevara naturen)] Alla människor har värden som fungerar som vägledande principer i deras liv. Vanligtvis har man dock olika uppfattningar om hur viktiga dessa värden är. Vi vill att du anger hur viktigt var och ett av följande vä","integer","1","1 Inte alls viktigt"
"array6_4","[Värna om miljön (bevara naturen)] Alla människor har värden som fungerar som vägledande principer i deras liv. Vanligtvis har man dock olika uppfattningar om hur viktiga dessa värden är. Vi vill att du anger hur viktigt var och ett av följande vä","integer","2","2"
"array6_4","[Värna om miljön (bevara naturen)] Alla människor har värden som fungerar som vägledande principer i deras liv. Vanligtvis har man dock olika uppfattningar om hur viktiga dessa värden är. Vi vill att du anger hur viktigt var och ett av följande vä","integer","3","3"
"array6_4","[Värna om miljön (bevara naturen)] Alla människor har värden som fungerar som vägledande principer i deras liv. Vanligtvis har man dock olika uppfattningar om hur viktiga dessa värden är. Vi vill att du anger hur viktigt var och ett av följande vä","integer","4","4"
"array6_4","[Värna om miljön (bevara naturen)] Alla människor har värden som fungerar som vägledande principer i deras liv. Vanligtvis har man dock olika uppfattningar om hur viktiga dessa värden är. Vi vill att du anger hur viktigt var och ett av följande vä","integer","5","5"
"array6_4","[Värna om miljön (bevara naturen)] Alla människor har värden som fungerar som vägledande principer i deras liv. Vanligtvis har man dock olika uppfattningar om hur viktiga dessa värden är. Vi vill att du anger hur viktigt var och ett av följande vä","integer","6","6"
"array6_4","[Värna om miljön (bevara naturen)] Alla människor har värden som fungerar som vägledande principer i deras liv. Vanligtvis har man dock olika uppfattningar om hur viktiga dessa värden är. Vi vill att du anger hur viktigt var och ett av följande vä","integer","7","7 Mycket viktigt"
"array6_5","[Social makt (ha kontroll över andra, dominera)] Alla människor har värden som fungerar som vägledande principer i deras liv. Vanligtvis har man dock olika uppfattningar om hur viktiga dessa värden är. Vi vill att du anger hur viktigt var och ett av ","integer","1","1 Inte alls viktigt"
"array6_5","[Social makt (ha kontroll över andra, dominera)] Alla människor har värden som fungerar som vägledande principer i deras liv. Vanligtvis har man dock olika uppfattningar om hur viktiga dessa värden är. Vi vill att du anger hur viktigt var och ett av ","integer","2","2"
"array6_5","[Social makt (ha kontroll över andra, dominera)] Alla människor har värden som fungerar som vägledande principer i deras liv. Vanligtvis har man dock olika uppfattningar om hur viktiga dessa värden är. Vi vill att du anger hur viktigt var och ett av ","integer","3","3"
"array6_5","[Social makt (ha kontroll över andra, dominera)] Alla människor har värden som fungerar som vägledande principer i deras liv. Vanligtvis har man dock olika uppfattningar om hur viktiga dessa värden är. Vi vill att du anger hur viktigt var och ett av ","integer","4","4"
"array6_5","[Social makt (ha kontroll över andra, dominera)] Alla människor har värden som fungerar som vägledande principer i deras liv. Vanligtvis har man dock olika uppfattningar om hur viktiga dessa värden är. Vi vill att du anger hur viktigt var och ett av ","integer","5","5"
"array6_5","[Social makt (ha kontroll över andra, dominera)] Alla människor har värden som fungerar som vägledande principer i deras liv. Vanligtvis har man dock olika uppfattningar om hur viktiga dessa värden är. Vi vill att du anger hur viktigt var och ett av ","integer","6","6"
"array6_5","[Social makt (ha kontroll över andra, dominera)] Alla människor har värden som fungerar som vägledande principer i deras liv. Vanligtvis har man dock olika uppfattningar om hur viktiga dessa värden är. Vi vill att du anger hur viktigt var och ett av ","integer","7","7 Mycket viktigt"
"array6_6","[En värld i fred (att sträva efter en värld fri från krig och konflikter)] Alla människor har värden som fungerar som vägledande principer i deras liv. Vanligtvis har man dock olika uppfattningar om hur viktiga dessa värden är. Vi vill att du ange","integer","1","1 Inte alls viktigt"
"array6_6","[En värld i fred (att sträva efter en värld fri från krig och konflikter)] Alla människor har värden som fungerar som vägledande principer i deras liv. Vanligtvis har man dock olika uppfattningar om hur viktiga dessa värden är. Vi vill att du ange","integer","2","2"
"array6_6","[En värld i fred (att sträva efter en värld fri från krig och konflikter)] Alla människor har värden som fungerar som vägledande principer i deras liv. Vanligtvis har man dock olika uppfattningar om hur viktiga dessa värden är. Vi vill att du ange","integer","3","3"
"array6_6","[En värld i fred (att sträva efter en värld fri från krig och konflikter)] Alla människor har värden som fungerar som vägledande principer i deras liv. Vanligtvis har man dock olika uppfattningar om hur viktiga dessa värden är. Vi vill att du ange","integer","4","4"
"array6_6","[En värld i fred (att sträva efter en värld fri från krig och konflikter)] Alla människor har värden som fungerar som vägledande principer i deras liv. Vanligtvis har man dock olika uppfattningar om hur viktiga dessa värden är. Vi vill att du ange","integer","5","5"
"array6_6","[En värld i fred (att sträva efter en värld fri från krig och konflikter)] Alla människor har värden som fungerar som vägledande principer i deras liv. Vanligtvis har man dock olika uppfattningar om hur viktiga dessa värden är. Vi vill att du ange","integer","6","6"
"array6_6","[En värld i fred (att sträva efter en värld fri från krig och konflikter)] Alla människor har värden som fungerar som vägledande principer i deras liv. Vanligtvis har man dock olika uppfattningar om hur viktiga dessa värden är. Vi vill att du ange","integer","7","7 Mycket viktigt"
"array6_7","[Auktoritet (ha rätten att leda och bestämma)] Alla människor har värden som fungerar som vägledande principer i deras liv. Vanligtvis har man dock olika uppfattningar om hur viktiga dessa värden är. Vi vill att du anger hur viktigt var och ett av f","integer","1","1 Inte alls viktigt"
"array6_7","[Auktoritet (ha rätten att leda och bestämma)] Alla människor har värden som fungerar som vägledande principer i deras liv. Vanligtvis har man dock olika uppfattningar om hur viktiga dessa värden är. Vi vill att du anger hur viktigt var och ett av f","integer","2","2"
"array6_7","[Auktoritet (ha rätten att leda och bestämma)] Alla människor har värden som fungerar som vägledande principer i deras liv. Vanligtvis har man dock olika uppfattningar om hur viktiga dessa värden är. Vi vill att du anger hur viktigt var och ett av f","integer","3","3"
"array6_7","[Auktoritet (ha rätten att leda och bestämma)] Alla människor har värden som fungerar som vägledande principer i deras liv. Vanligtvis har man dock olika uppfattningar om hur viktiga dessa värden är. Vi vill att du anger hur viktigt var och ett av f","integer","4","4"
"array6_7","[Auktoritet (ha rätten att leda och bestämma)] Alla människor har värden som fungerar som vägledande principer i deras liv. Vanligtvis har man dock olika uppfattningar om hur viktiga dessa värden är. Vi vill att du anger hur viktigt var och ett av f","integer","5","5"
"array6_7","[Auktoritet (ha rätten att leda och bestämma)] Alla människor har värden som fungerar som vägledande principer i deras liv. Vanligtvis har man dock olika uppfattningar om hur viktiga dessa värden är. Vi vill att du anger hur viktigt var och ett av f","integer","6","6"
"array6_7","[Auktoritet (ha rätten att leda och bestämma)] Alla människor har värden som fungerar som vägledande principer i deras liv. Vanligtvis har man dock olika uppfattningar om hur viktiga dessa värden är. Vi vill att du anger hur viktigt var och ett av f","integer","7","7 Mycket viktigt"
"array6_8","[Social rättvisa (att motarbeta orättvisor, bry sig om de svaga)] Alla människor har värden som fungerar som vägledande principer i deras liv. Vanligtvis har man dock olika uppfattningar om hur viktiga dessa värden är. Vi vill att du anger hur vikti","integer","1","1 Inte alls viktigt"
"array6_8","[Social rättvisa (att motarbeta orättvisor, bry sig om de svaga)] Alla människor har värden som fungerar som vägledande principer i deras liv. Vanligtvis har man dock olika uppfattningar om hur viktiga dessa värden är. Vi vill att du anger hur vikti","integer","2","2"
"array6_8","[Social rättvisa (att motarbeta orättvisor, bry sig om de svaga)] Alla människor har värden som fungerar som vägledande principer i deras liv. Vanligtvis har man dock olika uppfattningar om hur viktiga dessa värden är. Vi vill att du anger hur vikti","integer","3","3"
"array6_8","[Social rättvisa (att motarbeta orättvisor, bry sig om de svaga)] Alla människor har värden som fungerar som vägledande principer i deras liv. Vanligtvis har man dock olika uppfattningar om hur viktiga dessa värden är. Vi vill att du anger hur vikti","integer","4","4"
"array6_8","[Social rättvisa (att motarbeta orättvisor, bry sig om de svaga)] Alla människor har värden som fungerar som vägledande principer i deras liv. Vanligtvis har man dock olika uppfattningar om hur viktiga dessa värden är. Vi vill att du anger hur vikti","integer","5","5"
"array6_8","[Social rättvisa (att motarbeta orättvisor, bry sig om de svaga)] Alla människor har värden som fungerar som vägledande principer i deras liv. Vanligtvis har man dock olika uppfattningar om hur viktiga dessa värden är. Vi vill att du anger hur vikti","integer","6","6"
"array6_8","[Social rättvisa (att motarbeta orättvisor, bry sig om de svaga)] Alla människor har värden som fungerar som vägledande principer i deras liv. Vanligtvis har man dock olika uppfattningar om hur viktiga dessa värden är. Vi vill att du anger hur vikti","integer","7","7 Mycket viktigt"
"array6_9","[Jämlikhet (sträva efter att alla ges samma möjligheter)] Alla människor har värden som fungerar som vägledande principer i deras liv. Vanligtvis har man dock olika uppfattningar om hur viktiga dessa värden är. Vi vill att du anger hur viktigt var ","integer","1","1 Inte alls viktigt"
"array6_9","[Jämlikhet (sträva efter att alla ges samma möjligheter)] Alla människor har värden som fungerar som vägledande principer i deras liv. Vanligtvis har man dock olika uppfattningar om hur viktiga dessa värden är. Vi vill att du anger hur viktigt var ","integer","2","2"
"array6_9","[Jämlikhet (sträva efter att alla ges samma möjligheter)] Alla människor har värden som fungerar som vägledande principer i deras liv. Vanligtvis har man dock olika uppfattningar om hur viktiga dessa värden är. Vi vill att du anger hur viktigt var ","integer","3","3"
"array6_9","[Jämlikhet (sträva efter att alla ges samma möjligheter)] Alla människor har värden som fungerar som vägledande principer i deras liv. Vanligtvis har man dock olika uppfattningar om hur viktiga dessa värden är. Vi vill att du anger hur viktigt var ","integer","4","4"
"array6_9","[Jämlikhet (sträva efter att alla ges samma möjligheter)] Alla människor har värden som fungerar som vägledande principer i deras liv. Vanligtvis har man dock olika uppfattningar om hur viktiga dessa värden är. Vi vill att du anger hur viktigt var ","integer","5","5"
"array6_9","[Jämlikhet (sträva efter att alla ges samma möjligheter)] Alla människor har värden som fungerar som vägledande principer i deras liv. Vanligtvis har man dock olika uppfattningar om hur viktiga dessa värden är. Vi vill att du anger hur viktigt var ","integer","6","6"
"array6_9","[Jämlikhet (sträva efter att alla ges samma möjligheter)] Alla människor har värden som fungerar som vägledande principer i deras liv. Vanligtvis har man dock olika uppfattningar om hur viktiga dessa värden är. Vi vill att du anger hur viktigt var ","integer","7","7 Mycket viktigt"
"array6_10","[Ambitioner (att arbeta hårt, vara målmedveten)] Alla människor har värden som fungerar som vägledande principer i deras liv. Vanligtvis har man dock olika uppfattningar om hur viktiga dessa värden är. Vi vill att du anger hur viktigt var och ett av","integer","1","1 Inte alls viktigt"
"array6_10","[Ambitioner (att arbeta hårt, vara målmedveten)] Alla människor har värden som fungerar som vägledande principer i deras liv. Vanligtvis har man dock olika uppfattningar om hur viktiga dessa värden är. Vi vill att du anger hur viktigt var och ett av","integer","2","2"
"array6_10","[Ambitioner (att arbeta hårt, vara målmedveten)] Alla människor har värden som fungerar som vägledande principer i deras liv. Vanligtvis har man dock olika uppfattningar om hur viktiga dessa värden är. Vi vill att du anger hur viktigt var och ett av","integer","3","3"
"array6_10","[Ambitioner (att arbeta hårt, vara målmedveten)] Alla människor har värden som fungerar som vägledande principer i deras liv. Vanligtvis har man dock olika uppfattningar om hur viktiga dessa värden är. Vi vill att du anger hur viktigt var och ett av","integer","4","4"
"array6_10","[Ambitioner (att arbeta hårt, vara målmedveten)] Alla människor har värden som fungerar som vägledande principer i deras liv. Vanligtvis har man dock olika uppfattningar om hur viktiga dessa värden är. Vi vill att du anger hur viktigt var och ett av","integer","5","5"
"array6_10","[Ambitioner (att arbeta hårt, vara målmedveten)] Alla människor har värden som fungerar som vägledande principer i deras liv. Vanligtvis har man dock olika uppfattningar om hur viktiga dessa värden är. Vi vill att du anger hur viktigt var och ett av","integer","6","6"
"array6_10","[Ambitioner (att arbeta hårt, vara målmedveten)] Alla människor har värden som fungerar som vägledande principer i deras liv. Vanligtvis har man dock olika uppfattningar om hur viktiga dessa värden är. Vi vill att du anger hur viktigt var och ett av","integer","7","7 Mycket viktigt"
"array6_11","[Respektera jorden (leva i harmoni med andra arter)] Alla människor har värden som fungerar som vägledande principer i deras liv. Vanligtvis har man dock olika uppfattningar om hur viktiga dessa värden är. Vi vill att du anger hur viktigt var och ett ","integer","1","1 Inte alls viktigt"
"array6_11","[Respektera jorden (leva i harmoni med andra arter)] Alla människor har värden som fungerar som vägledande principer i deras liv. Vanligtvis har man dock olika uppfattningar om hur viktiga dessa värden är. Vi vill att du anger hur viktigt var och ett ","integer","2","2"
"array6_11","[Respektera jorden (leva i harmoni med andra arter)] Alla människor har värden som fungerar som vägledande principer i deras liv. Vanligtvis har man dock olika uppfattningar om hur viktiga dessa värden är. Vi vill att du anger hur viktigt var och ett ","integer","3","3"
"array6_11","[Respektera jorden (leva i harmoni med andra arter)] Alla människor har värden som fungerar som vägledande principer i deras liv. Vanligtvis har man dock olika uppfattningar om hur viktiga dessa värden är. Vi vill att du anger hur viktigt var och ett ","integer","4","4"
"array6_11","[Respektera jorden (leva i harmoni med andra arter)] Alla människor har värden som fungerar som vägledande principer i deras liv. Vanligtvis har man dock olika uppfattningar om hur viktiga dessa värden är. Vi vill att du anger hur viktigt var och ett ","integer","5","5"
"array6_11","[Respektera jorden (leva i harmoni med andra arter)] Alla människor har värden som fungerar som vägledande principer i deras liv. Vanligtvis har man dock olika uppfattningar om hur viktiga dessa värden är. Vi vill att du anger hur viktigt var och ett ","integer","6","6"
"array6_11","[Respektera jorden (leva i harmoni med andra arter)] Alla människor har värden som fungerar som vägledande principer i deras liv. Vanligtvis har man dock olika uppfattningar om hur viktiga dessa värden är. Vi vill att du anger hur viktigt var och ett ","integer","7","7 Mycket viktigt"
"array6_12","[Harmoni med naturen (passa in i naturen)] Alla människor har värden som fungerar som vägledande principer i deras liv. Vanligtvis har man dock olika uppfattningar om hur viktiga dessa värden är. Vi vill att du anger hur viktigt var och ett av följan","integer","1","1 Inte alls viktigt"
"array6_12","[Harmoni med naturen (passa in i naturen)] Alla människor har värden som fungerar som vägledande principer i deras liv. Vanligtvis har man dock olika uppfattningar om hur viktiga dessa värden är. Vi vill att du anger hur viktigt var och ett av följan","integer","2","2"
"array6_12","[Harmoni med naturen (passa in i naturen)] Alla människor har värden som fungerar som vägledande principer i deras liv. Vanligtvis har man dock olika uppfattningar om hur viktiga dessa värden är. Vi vill att du anger hur viktigt var och ett av följan","integer","3","3"
"array6_12","[Harmoni med naturen (passa in i naturen)] Alla människor har värden som fungerar som vägledande principer i deras liv. Vanligtvis har man dock olika uppfattningar om hur viktiga dessa värden är. Vi vill att du anger hur viktigt var och ett av följan","integer","4","4"
"array6_12","[Harmoni med naturen (passa in i naturen)] Alla människor har värden som fungerar som vägledande principer i deras liv. Vanligtvis har man dock olika uppfattningar om hur viktiga dessa värden är. Vi vill att du anger hur viktigt var och ett av följan","integer","5","5"
"array6_12","[Harmoni med naturen (passa in i naturen)] Alla människor har värden som fungerar som vägledande principer i deras liv. Vanligtvis har man dock olika uppfattningar om hur viktiga dessa värden är. Vi vill att du anger hur viktigt var och ett av följan","integer","6","6"
"array6_12","[Harmoni med naturen (passa in i naturen)] Alla människor har värden som fungerar som vägledande principer i deras liv. Vanligtvis har man dock olika uppfattningar om hur viktiga dessa värden är. Vi vill att du anger hur viktigt var och ett av följan","integer","7","7 Mycket viktigt"
"array6_13","[Välstånd (ha materiella ägodelar, pengar)] Alla människor har värden som fungerar som vägledande principer i deras liv. Vanligtvis har man dock olika uppfattningar om hur viktiga dessa värden är. Vi vill att du anger hur viktigt var och ett av fö","integer","1","1 Inte alls viktigt"
"array6_13","[Välstånd (ha materiella ägodelar, pengar)] Alla människor har värden som fungerar som vägledande principer i deras liv. Vanligtvis har man dock olika uppfattningar om hur viktiga dessa värden är. Vi vill att du anger hur viktigt var och ett av fö","integer","2","2"
"array6_13","[Välstånd (ha materiella ägodelar, pengar)] Alla människor har värden som fungerar som vägledande principer i deras liv. Vanligtvis har man dock olika uppfattningar om hur viktiga dessa värden är. Vi vill att du anger hur viktigt var och ett av fö","integer","3","3"
"array6_13","[Välstånd (ha materiella ägodelar, pengar)] Alla människor har värden som fungerar som vägledande principer i deras liv. Vanligtvis har man dock olika uppfattningar om hur viktiga dessa värden är. Vi vill att du anger hur viktigt var och ett av fö","integer","4","4"
"array6_13","[Välstånd (ha materiella ägodelar, pengar)] Alla människor har värden som fungerar som vägledande principer i deras liv. Vanligtvis har man dock olika uppfattningar om hur viktiga dessa värden är. Vi vill att du anger hur viktigt var och ett av fö","integer","5","5"
"array6_13","[Välstånd (ha materiella ägodelar, pengar)] Alla människor har värden som fungerar som vägledande principer i deras liv. Vanligtvis har man dock olika uppfattningar om hur viktiga dessa värden är. Vi vill att du anger hur viktigt var och ett av fö","integer","6","6"
"array6_13","[Välstånd (ha materiella ägodelar, pengar)] Alla människor har värden som fungerar som vägledande principer i deras liv. Vanligtvis har man dock olika uppfattningar om hur viktiga dessa värden är. Vi vill att du anger hur viktigt var och ett av fö","integer","7","7 Mycket viktigt"
